[ECMWF-INFO -sbatch] - -------------------------------------------------------------------------------------
[ECMWF-INFO -sbatch] -  This is the ECMWF jobfilter
[ECMWF-INFO -sbatch] -  +++ Please report issues using the Support portal +++
[ECMWF-INFO -sbatch] -  +++ https://support.ecmwf.int                     +++
[ECMWF-INFO -sbatch] -  /usr/local/bin/ecsbatch: size: 54518, mtime: Thu Aug  6 13:29:49 2026
[ECMWF-INFO -sbatch] - -------------------------------------------------------------------------------------
[ECMWF-INFO -sbatch] - Time at submit: Fri Sep 18 07:22:19 2026 (1789716139.5739188) on ac6-100.bullx:/etc/ecmwf/nfs/dh1_home_b/ecme4047/ALBATROSS_code/slurm
[ECMWF-INFO -sbatch] - --- SLURM VARIABLES ---
[ECMWF-INFO -sbatch] - EC_CLUSTER=ac
[ECMWF-INFO -sbatch] - SLURM_EXPORT_ENV=ALL
[ECMWF-INFO -sbatch] - SBATCH_EXPORT=NONE
[ECMWF-INFO -sbatch] - -----------------------
[ECMWF-INFO -sbatch] - jobscript: /etc/ecmwf/nfs/dh1_home_b/ecme4047/ALBATROSS_code/slurm/run_python.slurm
[ECMWF-INFO -sbatch] - --- SCRIPT OPTIONS ---
[ECMWF-INFO -sbatch] - #SBATCH --job-name=python
[ECMWF-INFO -sbatch] - #SBATCH --output=logs/python_%j.out
[ECMWF-INFO -sbatch] - #SBATCH --error=logs/python_%j.err
[ECMWF-INFO -sbatch] - #SBATCH --time=04:00:00
[ECMWF-INFO -sbatch] - #SBATCH --cpus-per-task=2
[ECMWF-INFO -sbatch] - #SBATCH --mem=8G
[ECMWF-INFO -sbatch] - -----------------------
[ECMWF-INFO -sbatch] - --- POST-PROCESSED OPTIONS ---
[ECMWF-INFO -sbatch] - ARG --positional=['run_python.slurm']
[ECMWF-INFO -sbatch] - ARG --cpus_per_task=2
[ECMWF-INFO -sbatch] - ARG --error=logs/python_%j.err
[ECMWF-INFO -sbatch] - ARG --job_name=python
[ECMWF-INFO -sbatch] - ARG --output=logs/python_%j.out
[ECMWF-INFO -sbatch] - ARG --time=04:00:00
[ECMWF-INFO -sbatch] - ARG --mem=8G
[ECMWF-INFO -sbatch] - ------------------------------
[ECMWF-INFO -sbatch] - No qos requested, assuming qos=nf
[ECMWF-INFO -sbatch] - jobtag: ecme4047-python-1x2-/etc/ecmwf/nfs/dh1_home_b/ecme4047/ALBATROSS_code/slurm/logs/python__JOBID_.out
[ECMWF-INFO -sbatch] - ------------------------------
[ECMWF-INFO -sbatch] - Average Walltime 241 with a Standard Deviation 726
[ECMWF-INFO -sbatch] - Runtime history
[ECMWF-INFO -sbatch] -   Date               | Cores   Cluster   Walltime       Mem
[ECMWF-INFO -sbatch] -   15.09.2026 - 12:39 | 2          ac         2649       8G        
[ECMWF-INFO -sbatch] -   15.09.2026 - 11:47 | 2          ac         95         8G        
[ECMWF-INFO -sbatch] -   09.09.2026 - 13:06 | 2          ac         16         8G        
[ECMWF-INFO -sbatch] -   09.09.2026 - 13:03 | 2          ac         14         8G        
[ECMWF-INFO -sbatch] -   09.09.2026 - 12:57 | 2          ac         14         8G        
[ECMWF-INFO -sbatch] -   09.09.2026 - 12:49 | 2          ac         17         8G        
[ECMWF-INFO -sbatch] -   09.09.2026 - 12:45 | 2          ac         15         8G        
[ECMWF-INFO -sbatch] -   09.09.2026 - 12:10 | 2          ac         18         8G        
[ECMWF-INFO -sbatch] -   09.09.2026 - 12:04 | 2          ac         18         8G        
[ECMWF-INFO -sbatch] -   09.09.2026 - 11:53 | 2          ac         18         8G        
[ECMWF-INFO -sbatch] -   09.09.2026 - 11:31 | 2          ac         16         8G        
[ECMWF-INFO -sbatch] -   09.09.2026 - 08:11 | 2          ac         13         8G        
[ECMWF-INFO -sbatch] - ['/usr/bin/sbatch', '--cpus-per-task=2', '--error=logs/python_%j.err', '--job-name=python', '--output=logs/python_%j.out', '--time=04:00:00', '--mem=8G', '--qos=nf', '--licenses=h2resw01', '--export=EC_user_time_limit=04:00:00', '/etc/ecmwf/nfs/dh1_home_b/ecme4047/ALBATROSS_code/slurm/run_python.slurm']
[ECMWF-INFO -sbatch] - sbatch executed on ac
[ECMWF-INFO -sbatch] - Job queued on ac using method local
[ECMWF-INFO -sbatch] - Submitted batch job 38272009
WARNING: The MAMBA_ROOT_PREFIX environment variable is not set.
WARNING: This is required for mamba to work correctly as of 2.0.
WARNING: 
WARNING: For now, we are setting 'MAMBA_ROOT_PREFIX' to '/usr/local/apps/conda/26.1.1-3'.
WARNING: 
WARNING: Please make sure this is consistent with your installation or alternatively (by order of preference):
WARNING:   - rerun 'mamba shell init' to initialize mamba for your current shell
WARNING:   - manually set 'MAMBA_ROOT_PREFIX' to the root of your installation in your shell profile script.
WARNING:   - use the '-r,--root-prefix' CLI option when calling mamba.
WARNING: 
WARNING: This message originates from /usr/local/apps/conda/26.1.1-3/etc/profile.d/mamba.sh
EC_MEMKILL[3997488]: 
EC_MEMKILL[3997488]: 
EC_MEMKILL[3997488]: 
EC_MEMKILL[3997488]: 
EC_MEMKILL[3997488]:           __  __ _____ __  __ _  _____ _     _         
EC_MEMKILL[3997488]:     __/\_|  \/  | ____|  \/  | |/ /_ _| |   | |  __/\__
EC_MEMKILL[3997488]:     \    / |\/| |  _| | |\/| | ' / | || |   | |  \    /
EC_MEMKILL[3997488]:     /_  _\ |  | | |___| |  | | . \ | || |___| |__/_  _\
EC_MEMKILL[3997488]:       \/ |_|  |_|_____|_|  |_|_|\_\___|_____|_____|\/  
EC_MEMKILL[3997488]: 
EC_MEMKILL[3997488]:               BEGIN OF ECMWF MEMKILL REPORT
EC_MEMKILL[3997488]: 
EC_MEMKILL[3997488]: 
EC_MEMKILL[3997488]: [ECMWF_MEMORY_SUPERVISOR:JOB_OR_SESSION_OUT_OF_MEMORY,ac6-169.bullx:/usr/local/sbin/watch_cgroup:l962:Fri Sep 18 07:24:16 2026]
EC_MEMKILL[3997488]: 
EC_MEMKILL[3997488]: [summary]
EC_MEMKILL[3997488]: job/session: 38272009
EC_MEMKILL[3997488]: requested/default memory limit for job/session: 8192MiB
EC_MEMKILL[3997488]: sum of shmem, active and inactive anonymous memory of job/session: 8205MiB
EC_MEMKILL[3997488]: ACTION: about to issue: 'kill -SIGKILL' to pid: 3887868
EC_MEMKILL[3997488]: to-be-killed process: "python /home/ecme4047/ALBATROSS_code/python/cut_MSWEP_country.py", with resident-segment-size: 8549MiB
EC_MEMKILL[3997488]: 
EC_MEMKILL[3997488]: [status of to-be-killed process as per /proc/3887868/status]
EC_MEMKILL[3997488]: Name:	python
EC_MEMKILL[3997488]: VmPeak:	10320244 kB
EC_MEMKILL[3997488]: VmSize:	10208156 kB
EC_MEMKILL[3997488]: VmHWM:	 9304084 kB
EC_MEMKILL[3997488]: VmRSS:	 9304084 kB
EC_MEMKILL[3997488]: VmData:	 9484300 kB
EC_MEMKILL[3997488]: VmStk:	     140 kB
EC_MEMKILL[3997488]: VmLib:	  266808 kB
EC_MEMKILL[3997488]: VmPTE:	   18744 kB
EC_MEMKILL[3997488]: 
EC_MEMKILL[3997488]: 
EC_MEMKILL[3997488]: [list of processes in cgroup]
EC_MEMKILL[3997488]: pid:   3887868  ppid:   3884994  vsize:    9425MiB  rss:    8549MiB  starttime: Fri Sep 18 07:22:27 2026 (age:    103s)  comm: python /home/ecme4047/ALBATROSS_code/python/cut_MSWEP_country.py [envvar: !SLURM_JOB_NAME=python] /etc/ecmwf/nfs/dh1_home_b/ecme4047/ALBATROSS_code/slurm/logs/python_38272009.err  <=== TO-BE-KILLED
EC_MEMKILL[3997488]: 
EC_MEMKILL[3997488]: 
EC_MEMKILL[3997488]: 
EC_MEMKILL[3997488]: 
EC_MEMKILL[3997488]: jid: 38272009 :uid:31072: CGROUP-MEMORY: /sys/fs/cgroup/memory/slurm/uid_31072/job_38272009 (Fri Sep 18 07:22:23 2026)
EC_MEMKILL[3997488]: jid: 38272009 :uid:31072: CGROUP-TASKS: 3883776,3884214,3884216,3884218,3884221,3884222,3884224,3884226,3884228,3884230,3884232,3884234,3884236,3884238,3884240,3884242,3884244,3884246,3884249,3884251,3884254,3884256,3884258,3884260,3884262,3884264,3884266,3884268,3884270,3884272,3884274,3884276,3884278,3884281,3884283,3884284,3884286,3884289,3884291,3884293,3884295,3884297,3884299,3884301,3884302,3884304,3884306,3884308,3884311,3884313,3884316,3884318,3884320,3884322,3884324,3884326,3884328,3884330,3884332,3884334,3884336,3884338,3884341,3884343,3884345,3884347,3884349,3884351,3884353,3884355,3884356,3884358,3884360,3884362,3884364,3884367,3884370,3884371,3884373,3884375,3884377,3884379,3884381,3884383,3884385,3884387,3884389,3884391,3884394,3884397,3884399,3884401,3884403,3884405,3884406,3884408,3884410,3884412,3884414,3884416,3884419,3884421,3884423,3884425,3884427,3884430,3884432,3884434,3884435,3884437,3884440,3884442,3884444,3884447,3884449,3884450,3884452,3884454,3884457,3884459,3884461,3884463,3884467,3884469,3884471,3884473,3884474,3884476,3884478,3884480,3884482,3884484,3884486,3884487,3884489,3884490,3884493,3884495,3884496,3884498,3884499,3884500,3884501,3884502,3884503,3884504,3884506,3884507,3884508,3884510,3884511,3884512,3884513,3884514,3884515,3884516,3884517,3884518,3884520,3884521,3884522,3884523,3884524,3884525,3884526,3884527,3884528,3884529,3884530,3884531,3884532,3884533,3884534,3884535,3884536,3884537,3884538,3884539,3884540,3884541,3884542,3884543,3884544,3884545,3884547,3884548,3884549,3884550,3884551,3884552,3884553,3884554,3884555,3884556,3884557,3884558,3884560,3884561,3884562,3884563,3884564,3884565,3884566,3884567,3884568,3884569,3884570,3884571,3884572,3884573,3884574,3884575,3884577,3884578,3884579,3884580,3884581,3884582,3884583,3884584,3884585,3884586,3884588,3884589,3884590,3884591,3884592,3884593,3884594,3884595,3884596,3884597,3884598,3884599,3884600,3884601,3884602,3884604,3884605,3884606,3884607,3884608,3884609,3884610,3884611,3884612,3884613,3884614,3884615,3884616,3884617,3884618,3884619,3884620,3884621,3884622,3884623,3884624,3884625,3884626,3884627,3884628,3884629,3884630,3884632,3884633,3884634,3884635,3884636,3884637,3884638,3884639,3884640,3884641,3884642,3884643,3884644,3884645,3884646,3884648,3884649,3884650,3884651,3884652,3884653,3884654,3884655,3884656,3884657,3884658,3884660,3884661,3884662,3884663,3884664,3884665,3884667,3884668,3884669,3884670,3884671,3884672,3884673,3884674,3884675,3884676,3884677,3884678,3884679,3884680,3884681,3884683,3884684,3884685,3884686,3884687,3884688,3884689,3884690,3884691,3884692,3884693,3884694,3884695,3884696,3884697,3884698,3884699,3884700,3884702,3884703,3884704,3884705,3884706,3884707,3884708,3884709,3884710,3884711,3884712,3884713,3884714,3884715,3884717,3884718,3884719,3884720,3884721,3884722,3884723,3884724,3884725,3884726,3884727,3884729,3884730,3884731,3884732,3884733,3884734,3884735,3884736,3884737,3884738,3884740,3884741,3884742,3884743,3884744,3884745,3884746,3884747,3884748,3884749,3884750,3884751,3884752,3884753,3884754,3884756,3884757,3884758,3884759,3884760,3884761,3884762,3884763,3884764,3884765,3884766,3884767,3884769,3884770,3884771,3884772,3884773,3884774,3884776,3884777,3884778,3884779,3884780,3884781,3884782,3884783,3884784,3884785,3884786,3884787,3884788,3884789,3884790,3884792,3884794,3884795,3884796,3884797,3884798,3884799,3884800,3884801,3884802,3884803,3884804,3884805,3884806,3884807,3884808,3884810,3884811,3884812,3884813,3884814,3884815,3884816,3884817,3884818,3884819,3884820,3884821,3884822,3884823,3884824,3884825,3884826,3884827,3884828,3884829,3884830,3884832,3884833,3884834,3884835,3884836,3884837,3884838,3884839,3884840,3884841,3884842,3884843,3884844,3884845,3884847,3884848,3884849,3884850,3884851,3884852,3884853,3884854,3884855,3884856,3884857,3884858,3884859,3884860,3884861,3884863,3884864,3884865,3884866,3884867,3884868,3884869,3884870,3884871,3884872,3884873,3884874,3884875,3884876,3884877,3884878,3884880,3884881,3884882,3884883,3884884,3884885,3884886,3884887,3884888,3884889,3884890,3884891,3884892,3884893,3884894,3884896,3884897,3884898,3884899,3884900,3884901,3884902,3884905,3884994,3887868,3887940,3888340,3878923,3878937,3878938,3878939,3878940,3878941,3878942,3878943,3878944,3878945,3878946,3878947,3878948,3878949,3878950,3878951,3878952,3878953,3878954,3878955,3878956,3878957,3878958,3878959,3878960,3878961,3878962,3878963,3878964,3878965,3878966,3878967,3878968,3878969,3878970,3878971,3878972,3878973,3878974,3878975,3878976,3878977,3878978,3878979,3878980,3878981,3878982,3878983,3878984,3878985,3878986,3878987,3878988,3878989,3878990,3878991,3878992,3878993,3878994,3878995,3878996,3878997,3878998,3878999,3879000,3879001,3879002,3879003,3879004,3879005,3879006,3879007,3879008,3879009,3879010,3879011,3879012,3879013,3879014,3879015,3879016,3879017,3879018,3879019,3879020,3879021,3879022,3879023,3879024,3879025,3879026,3879027,3879028,3879029,3879030,3879031,3879032,3879033,3879034,3879035,3879036,3879037,3879038,3879039,3879040,3879041,3879042,3879043,3879044,3879045,3879046,3879047,3879048,3879049,3879050,3879051,3879052,3879053,3879054,3879055,3879056,3879057,3879058,3879059,3879060,3879061,3879062,3879063,3879065,3879066,3879067,3879069,3879070,3879071,3879072,3879073,3879074,3879075,3879076,3879077,3879078,3879079,3879080,3879081,3879082,3879083,3879084,3879085,3879086,3879087,3879088,3879089,3879090,3879091,3879092,3879093,3879094,3879095,3879096,3879097,3879098,3879099,3879101,3879102,3879104,3879105,3879106,3879107,3879108,3879109,3879110,3879111,3879112,3879113,3879114,3879115,3879116,3879117,3879118,3879119,3879120,3879121,3879122,3879123,3879124,3879125,3879126,3879127,3879128,3879129,3879130,3879131,3879132,3879133,3879134,3879135,3879137,3879138,3879140,3879141,3879142,3879144,3879145,3879146,3879147,3879148,3879149,3879150,3879151,3879152,3879153,3879154,3879155,3879156,3879157,3879158,3879159,3879160,3879161,3879162,3879163,3879164,3879165,3879166,3879167,3879168,3879169,3879170,3879171,3879172,3879173,3879174,3879175,3879176,3879177,3879178,3879179,3879180,3879181,3879182,3879183,3879184,3879185,3879186,3879187,3879188,3879189,3879190,3879191,3879192,3879193,3879194,3879195,3879196,3879197,3879198,3879199,3879200,3879201,3879202,3879203,3879204,3879205,3879206,3879207,3879208,3879209,3879210,3879211,3879212,3879213,3879214,3879215,3879216,3879217,3879218,3879219,3879220,3879221,3879222,3879223,3879224,3879225,3879226,3879227,3879228,3879229,3879230,3879231,3879232,3879233,3879234,3879235,3879236,3879237,3879238,3879239,3879240,3879241,3879242,3879243,3879244,3879247,3879248,3879251,3879253,3879255,3879257,3879259,3879261,3879263,3879265,3879267,3879269,3879271,3879272,3879274,3879276,3879278,3879280,3879282,3879284,3879285,3879287,3879289,3879291,3879293,3879295,3879297,3879299,3879301,3879302,3879304,3879306,3879308,3879310,3879312,3879313,3879315,3879317,3879319,3879321,3879323,3879325,3879327,3879329,3879331,3879333,3879335,3879337,3879339,3879341,3879343,3879345,3879347,3879349,3879351,3879354,3879356,3879358,3879360,3879362,3879364,3879366,3879369,3879371,3879372,3879375,3879378,3879380,3879382,3879384,3879386,3879388,3879390,3879392,3879394,3879396,3879398,3879400,3879402,3879404,3879406,3879408,3879410,3879412,3879414,3879416,3879418,3879421,3879422,3879424,3879426,3879428,3879431,3879433,3879435,3879437,3879439,3879441,3879443,3879445,3879447,3879449,3879451,3879452,3879455,3879457,3879459,3879461,3879462,3879464,3879466,3879468,3879471,3879473,3879475,3879477,3879479,3879481,3879483,3879485,3879487,3879489,3879491,3879493,3879495,3879497,3879499,3879501,3879503,3879505,3879507,3879509,3879511,3879513,3879515,3879517,3879519,3879521,3879523,3879525,3879527,3879529,3879531,3879533,3879535,3879537,3879539,3879541,3879543,3879545,3879547,3879549,3879551,3879553,3879555,3879557,3879559,3879560,3879562,3879565,3879567,3879568,3879571,3879573,3879575,3879577,3879579,3879581,3879583,3879585,3879587,3879589,3879591,3879593,3879595,3879597,3879599,3879601,3879603,3879605,3879607,3879609,3879611,3879613,3879615,3879617,3879619,3879621,3879623,3879625,3879627,3879629,3879631,3879633,3879635,3879637,3879639,3879641,3879643,3879645,3879647,3879649,3879651,3879653,3879656,3879658,3879660,3879662,3879664,3879666,3879668,3879671,3879677,3879679,3879684
EC_MEMKILL[3997488]: jid: 38272009 :uid:31072: STDOUTPATH job_stdout_could_not_be_determined
EC_MEMKILL[3997488]: jid: 38272009 :uid:31072: memory_requested_in_slurm               :       8192MiB
EC_MEMKILL[3997488]: jid: 38272009 :uid:31072: cgroup_current_usage_in_bytes           :      10126MiB
EC_MEMKILL[3997488]: jid: 38272009 :uid:31072: cgroup_max_usage_in_bytes               :      10126MiB
EC_MEMKILL[3997488]: jid: 38272009 :uid:31072: anon_current_from_samples               :       8205MiB
EC_MEMKILL[3997488]: jid: 38272009 :uid:31072: anon_high_water_mark_from_samples       :       8205MiB
EC_MEMKILL[3997488]: jid: 38272009 :uid:31072: shmem_high_water_mark_from_samples      :          0MiB
EC_MEMKILL[3997488]: jid: 38272009 :uid:31072: memory.stat:total_cache                 : 1719062528
EC_MEMKILL[3997488]: jid: 38272009 :uid:31072: memory.stat:total_rss                   : 8863346688
EC_MEMKILL[3997488]: jid: 38272009 :uid:31072: memory.stat:total_rss_huge              :          0
EC_MEMKILL[3997488]: jid: 38272009 :uid:31072: memory.stat:total_shmem                 :          0
EC_MEMKILL[3997488]: jid: 38272009 :uid:31072: memory.stat:total_mapped_file           :  114282496
EC_MEMKILL[3997488]: jid: 38272009 :uid:31072: memory.stat:total_dirty                 :          0
EC_MEMKILL[3997488]: jid: 38272009 :uid:31072: memory.stat:total_writeback             :          0
EC_MEMKILL[3997488]: jid: 38272009 :uid:31072: memory.stat:total_swap                  :          0
EC_MEMKILL[3997488]: jid: 38272009 :uid:31072: memory.stat:total_pgpgin                :    2695536
EC_MEMKILL[3997488]: jid: 38272009 :uid:31072: memory.stat:total_pgpgout               :     111940
EC_MEMKILL[3997488]: jid: 38272009 :uid:31072: memory.stat:total_pgfault               :    2240035
EC_MEMKILL[3997488]: jid: 38272009 :uid:31072: memory.stat:total_pgmajfault            :       1188
EC_MEMKILL[3997488]: jid: 38272009 :uid:31072: memory.stat:total_inactive_anon         : 8863318016
EC_MEMKILL[3997488]: jid: 38272009 :uid:31072: memory.stat:total_active_anon           :      24576
EC_MEMKILL[3997488]: jid: 38272009 :uid:31072: memory.stat:total_inactive_file         :  517464064
EC_MEMKILL[3997488]: jid: 38272009 :uid:31072: memory.stat:total_active_file           : 1201598464
EC_MEMKILL[3997488]: jid: 38272009 :uid:31072: memory.stat:total_unevictable           :          0
EC_MEMKILL[3997488]: jid: 38272009 :uid:31072: numa_stat:hierarchical_total=2583595    : N0=2209150 N1=59333 N2=52524 N3=52525 N4=52517 N5=52518 N6=52517 N7=52511 (4kiB pages)
EC_MEMKILL[3997488]: jid: 38272009 :uid:31072: numa_stat:hierarchical_file=419693      : N0=51783 N1=52798 N2=52524 N3=52525 N4=52517 N5=52518 N6=52517 N7=52511 (4kiB pages)
EC_MEMKILL[3997488]: jid: 38272009 :uid:31072: numa_stat:hierarchical_anon=2163902     : N0=2157367 N1=6535 N2=0 N3=0 N4=0 N5=0 N6=0 N7=0 (4kiB pages)
EC_MEMKILL[3997488]: jid: 38272009 :uid:31072: numa_stat:hierarchical_unevictable=0    : N0=0 N1=0 N2=0 N3=0 N4=0 N5=0 N6=0 N7=0 (4kiB pages)
EC_MEMKILL[3997488]: jid: 38272009 :uid:31072: hwm_cgroup_percent                      : 124
EC_MEMKILL[3997488]: jid: 38272009 :uid:31072: current_cgroup_percent                  : 124
EC_MEMKILL[3997488]: jid: 38272009 :uid:31072: hwm_anon_percent                        : 101
EC_MEMKILL[3997488]: jid: 38272009 :uid:31072: memory_pressure                         : 0
EC_MEMKILL[3997488]: jid: 38272009 :uid:31072: effective_cpus                          : 11,139
EC_MEMKILL[3997488]: jid: 38272009 :uid:31072: hwm_anon_vs_cgroup_percent              : 81.0
EC_MEMKILL[3997488]: jid: 38272009 :uid:31072: CGROUP-CPUSET: /sys/fs/cgroup/cpuset/slurm/uid_31072/job_38272009 (Fri Sep 18 07:22:23 2026)
EC_MEMKILL[3997488]: 
EC_MEMKILL[3997488]: [QD_smaps_pid:3887868:python] 147058000000-7ffe0fbd8000 ---p 00000000 00:00 0                          [rollup]
EC_MEMKILL[3997488]: [QD_smaps_pid:3887868:python] Rss:             8765456 kB
EC_MEMKILL[3997488]: [QD_smaps_pid:3887868:python] Pss:             8762202 kB
EC_MEMKILL[3997488]: [QD_smaps_pid:3887868:python] Shared_Clean:       3348 kB
EC_MEMKILL[3997488]: [QD_smaps_pid:3887868:python] Shared_Dirty:          0 kB
EC_MEMKILL[3997488]: [QD_smaps_pid:3887868:python] Private_Clean:    111604 kB
EC_MEMKILL[3997488]: [QD_smaps_pid:3887868:python] Private_Dirty:   8650504 kB
EC_MEMKILL[3997488]: [QD_smaps_pid:3887868:python] Referenced:      8765452 kB
EC_MEMKILL[3997488]: [QD_smaps_pid:3887868:python] Anonymous:       8650504 kB
EC_MEMKILL[3997488]: [QD_smaps_pid:3887868:python] LazyFree:              0 kB
EC_MEMKILL[3997488]: [QD_smaps_pid:3887868:python] AnonHugePages:         0 kB
EC_MEMKILL[3997488]: [QD_smaps_pid:3887868:python] ShmemPmdMapped:        0 kB
EC_MEMKILL[3997488]: [QD_smaps_pid:3887868:python] FilePmdMapped:         0 kB
EC_MEMKILL[3997488]: [QD_smaps_pid:3887868:python] Shared_Hugetlb:        0 kB
EC_MEMKILL[3997488]: [QD_smaps_pid:3887868:python] Private_Hugetlb:       0 kB
EC_MEMKILL[3997488]: [QD_smaps_pid:3887868:python] Swap:                  0 kB
EC_MEMKILL[3997488]: [QD_smaps_pid:3887868:python] SwapPss:               0 kB
EC_MEMKILL[3997488]: [QD_smaps_pid:3887868:python] Locked:                0 kB
EC_MEMKILL[3997488]: [QD_smaps_pid:3887868:python] 147058000000-1470599c0000 rw-p 00000000 00:00 0 [QD_smaps_pid:3887868:python] Size: 26368 kB
EC_MEMKILL[3997488]: [QD_smaps_pid:3887868:python] Rss: 26352 kB
EC_MEMKILL[3997488]: [QD_smaps_pid:3887868:python] Pss: 26352 kB
EC_MEMKILL[3997488]: [QD_smaps_pid:3887868:python] Private_Dirty: 26352 kB
EC_MEMKILL[3997488]: [QD_smaps_pid:3887868:python] Referenced: 26352 kB
EC_MEMKILL[3997488]: [QD_smaps_pid:3887868:python] Anonymous: 26352 kB
EC_MEMKILL[3997488]: [QD_smaps_pid:3887868:python] VmFlags: rd wr mr mw me nr sd [QD_smaps_pid:3887868:python] 1470599c0000-14705b5a5000 rw-p 00000000 00:00 0 [QD_smaps_pid:3887868:python] Size: 28564 kB
EC_MEMKILL[3997488]: [QD_smaps_pid:3887868:python] Rss: 28564 kB
EC_MEMKILL[3997488]: [QD_smaps_pid:3887868:python] Pss: 28564 kB
EC_MEMKILL[3997488]: [QD_smaps_pid:3887868:python] Private_Dirty: 28564 kB
EC_MEMKILL[3997488]: [QD_smaps_pid:3887868:python] Referenced: 28564 kB
EC_MEMKILL[3997488]: [QD_smaps_pid:3887868:python] Anonymous: 28564 kB
EC_MEMKILL[3997488]: [QD_smaps_pid:3887868:python] VmFlags: rd wr mr mw me nr sd hg [QD_smaps_pid:3887868:python] 14705b5a5000-14705bbd3000 rw-p 00000000 00:00 0 [QD_smaps_pid:3887868:python] Size: 6328 kB
EC_MEMKILL[3997488]: [QD_smaps_pid:3887868:python] Rss: 6328 kB
EC_MEMKILL[3997488]: [QD_smaps_pid:3887868:python] Pss: 6328 kB
EC_MEMKILL[3997488]: [QD_smaps_pid:3887868:python] Private_Dirty: 6328 kB
EC_MEMKILL[3997488]: [QD_smaps_pid:3887868:python] Referenced: 6328 kB
EC_MEMKILL[3997488]: [QD_smaps_pid:3887868:python] Anonymous: 6328 kB
EC_MEMKILL[3997488]: [QD_smaps_pid:3887868:python] VmFlags: rd wr mr mw me nr sd hg [QD_smaps_pid:3887868:python] 14705bbd3000-14705bc6f000 rw-p 00000000 00:00 0 [QD_smaps_pid:3887868:python] VmFlags: rd wr mr mw me nr sd hg [QD_smaps_pid:3887868:python] 14705bc6f000-14705bc9e000 rw-p 00000000 00:00 0 [QD_smaps_pid:3887868:python] VmFlags: rd wr mr mw me nr sd hg [QD_smaps_pid:3887868:python] 14705bc9e000-14705bd30000 rw-p 00000000 00:00 0 [QD_smaps_pid:3887868:python] VmFlags: rd wr mr mw me nr sd hg [QD_smaps_pid:3887868:python] 14705bd30000-14705bdc5000 rw-p 00000000 00:00 0 [QD_smaps_pid:3887868:python] VmFlags: rd wr mr mw me nr sd hg [QD_smaps_pid:3887868:python] 14705bdc5000-14705be04000 rw-p 00000000 00:00 0 [QD_smaps_pid:3887868:python] VmFlags: rd wr mr mw me nr sd hg [QD_smaps_pid:3887868:python] 14705be04000-14705bece000 rw-p 00000000 00:00 0 [QD_smaps_pid:3887868:python] VmFlags: rd wr mr mw me nr sd hg [QD_smaps_pid:3887868:python] 14705bece000-14705bef5000 rw-p 00000000 00:00 0 [QD_smaps_pid:3887868:python] VmFlags: rd wr mr mw me nr sd hg [QD_smaps_pid:3887868:python] 14705bef5000-14705bf7d000 rw-p 00000000 00:00 0 [QD_smaps_pid:3887868:python] VmFlags: rd wr mr mw me nr sd hg [QD_smaps_pid:3887868:python] 14705bf7d000-14705bf85000 rw-p 00000000 00:00 0 [QD_smaps_pid:3887868:python] VmFlags: rd wr mr mw me nr sd hg [QD_smaps_pid:3887868:python] 14705bf85000-14705bfd8000 rw-p 00000000 00:00 0 [QD_smaps_pid:3887868:python] VmFlags: rd wr mr mw me nr sd hg [QD_smaps_pid:3887868:python] 14705bfd8000-14705bff3000 rw-p 00000000 00:00 0 [QD_smaps_pid:3887868:python] VmFlags: rd wr mr mw me nr sd hg [QD_smaps_pid:3887868:python] 14705bff3000-14705bffd000 rw-p 00000000 00:00 0 [QD_smaps_pid:3887868:python] VmFlags: rd wr mr mw me nr sd hg [QD_smaps_pid:3887868:python] 14705bffd000-14705c000000 ---p 00000000 00:00 0 [QD_smaps_pid:3887868:python] VmFlags: mr mw me nr sd [QD_smaps_pid:3887868:python] 14705e0a7000-14705e4a7000 rw-p 00000000 00:00 0 [QD_smaps_pid:3887868:python] Size: 4096 kB
EC_MEMKILL[3997488]: [QD_smaps_pid:3887868:python] Rss: 3344 kB
EC_MEMKILL[3997488]: [QD_smaps_pid:3887868:python] Pss: 3344 kB
EC_MEMKILL[3997488]: [QD_smaps_pid:3887868:python] Private_Dirty: 3344 kB
EC_MEMKILL[3997488]: [QD_smaps_pid:3887868:python] Referenced: 3344 kB
EC_MEMKILL[3997488]: [QD_smaps_pid:3887868:python] Anonymous: 3344 kB
EC_MEMKILL[3997488]: [QD_smaps_pid:3887868:python] VmFlags: rd wr mr mw me ac sd [QD_smaps_pid:3887868:python] 14705e4a7000-14705e4a9000 r--p 00000000 00:48 24391246 /etc/ecmwf/nfs/dh2_10_perm_b/ecme4047/conda/envs/xesmf_env/lib/libblosc.so.1.21.6
EC_MEMKILL[3997488]: [QD_smaps_pid:3887868:python] VmFlags: rd mr mw me sd [QD_smaps_pid:3887868:python] 14705e4a9000-14705e4b5000 r-xp 00002000 00:48 24391246 /etc/ecmwf/nfs/dh2_10_perm_b/ecme4047/conda/envs/xesmf_env/lib/libblosc.so.1.21.6
EC_MEMKILL[3997488]: [QD_smaps_pid:3887868:python] VmFlags: rd ex mr mw me sd [QD_smaps_pid:3887868:python] 14705e4b5000-14705e4b7000 r--p 0000e000 00:48 24391246 /etc/ecmwf/nfs/dh2_10_perm_b/ecme4047/conda/envs/xesmf_env/lib/libblosc.so.1.21.6
EC_MEMKILL[3997488]: [QD_smaps_pid:3887868:python] VmFlags: rd mr mw me sd [QD_smaps_pid:3887868:python] 14705e4b7000-14705e4b8000 r--p 00010000 00:48 24391246 /etc/ecmwf/nfs/dh2_10_perm_b/ecme4047/conda/envs/xesmf_env/lib/libblosc.so.1.21.6
EC_MEMKILL[3997488]: [QD_smaps_pid:3887868:python] VmFlags: rd mr mw me ac sd [QD_smaps_pid:3887868:python] 14705e4b8000-14705e4b9000 rw-p 00011000 00:48 24391246 /etc/ecmwf/nfs/dh2_10_perm_b/ecme4047/conda/envs/xesmf_env/lib/libblosc.so.1.21.6
EC_MEMKILL[3997488]: [QD_smaps_pid:3887868:python] VmFlags: rd wr mr mw me ac sd [QD_smaps_pid:3887868:python] 14705e4b9000-14705e4ba000 r--p 00000000 00:48 24376920 /etc/ecmwf/nfs/dh2_10_perm_b/ecme4047/conda/envs/xesmf_env/lib/hdf5/plugin/lib__nch5blosc.so
EC_MEMKILL[3997488]: [QD_smaps_pid:3887868:python] VmFlags: rd mr mw me sd [QD_smaps_pid:3887868:python] 14705e4ba000-14705e4bb000 r-xp 00001000 00:48 24376920 /etc/ecmwf/nfs/dh2_10_perm_b/ecme4047/conda/envs/xesmf_env/lib/hdf5/plugin/lib__nch5blosc.so
EC_MEMKILL[3997488]: [QD_smaps_pid:3887868:python] VmFlags: rd ex mr mw me sd [QD_smaps_pid:3887868:python] 14705e4bb000-14705e4bc000 r--p 00002000 00:48 24376920 /etc/ecmwf/nfs/dh2_10_perm_b/ecme4047/conda/envs/xesmf_env/lib/hdf5/plugin/lib__nch5blosc.so
EC_MEMKILL[3997488]: [QD_smaps_pid:3887868:python] VmFlags: rd mr mw me sd [QD_smaps_pid:3887868:python] 14705e4bc000-14705e4bd000 r--p 00002000 00:48 24376920 /etc/ecmwf/nfs/dh2_10_perm_b/ecme4047/conda/envs/xesmf_env/lib/hdf5/plugin/lib__nch5blosc.so
EC_MEMKILL[3997488]: [QD_smaps_pid:3887868:python] VmFlags: rd mr mw me ac sd [QD_smaps_pid:3887868:python] 14705e4bd000-14705e4be000 rw-p 00003000 00:48 24376920 /etc/ecmwf/nfs/dh2_10_perm_b/ecme4047/conda/envs/xesmf_env/lib/hdf5/plugin/lib__nch5blosc.so
EC_MEMKILL[3997488]: [QD_smaps_pid:3887868:python] VmFlags: rd wr mr mw me ac sd [QD_smaps_pid:3887868:python] 14705e4be000-14705e4bf000 r--p 00000000 00:48 24379917 /etc/ecmwf/nfs/dh2_10_perm_b/ecme4047/conda/envs/xesmf_env/lib/hdf5/plugin/lib__nch5bzip2.so
EC_MEMKILL[3997488]: [QD_smaps_pid:3887868:python] VmFlags: rd mr mw me sd [QD_smaps_pid:3887868:python] 14705e4bf000-14705e4c0000 r-xp 00001000 00:48 24379917 /etc/ecmwf/nfs/dh2_10_perm_b/ecme4047/conda/envs/xesmf_env/lib/hdf5/plugin/lib__nch5bzip2.so
EC_MEMKILL[3997488]: [QD_smaps_pid:3887868:python] VmFlags: rd ex mr mw me sd [QD_smaps_pid:3887868:python] 14705e4c0000-14705e4c1000 r--p 00002000 00:48 24379917 /etc/ecmwf/nfs/dh2_10_perm_b/ecme4047/conda/envs/xesmf_env/lib/hdf5/plugin/lib__nch5bzip2.so
EC_MEMKILL[3997488]: [QD_smaps_pid:3887868:python] VmFlags: rd mr mw me sd [QD_smaps_pid:3887868:python] 14705e4c1000-14705e4c2000 r--p 00002000 00:48 24379917 /etc/ecmwf/nfs/dh2_10_perm_b/ecme4047/conda/envs/xesmf_env/lib/hdf5/plugin/lib__nch5bzip2.so
EC_MEMKILL[3997488]: [QD_smaps_pid:3887868:python] VmFlags: rd mr mw me ac sd [QD_smaps_pid:3887868:python] 14705e4c2000-14705e4c3000 rw-p 00003000 00:48 24379917 /etc/ecmwf/nfs/dh2_10_perm_b/ecme4047/conda/envs/xesmf_env/lib/hdf5/plugin/lib__nch5bzip2.so
EC_MEMKILL[3997488]: [QD_smaps_pid:3887868:python] VmFlags: rd wr mr mw me ac sd [QD_smaps_pid:3887868:python] 14705e4c3000-14705e4c4000 r--p 00000000 00:48 24380039 /etc/ecmwf/nfs/dh2_10_perm_b/ecme4047/conda/envs/xesmf_env/lib/hdf5/plugin/lib__nch5zstd.so
EC_MEMKILL[3997488]: [QD_smaps_pid:3887868:python] VmFlags: rd mr mw me sd [QD_smaps_pid:3887868:python] 14705e4c4000-14705e4c5000 r-xp 00001000 00:48 24380039 /etc/ecmwf/nfs/dh2_10_perm_b/ecme4047/conda/envs/xesmf_env/lib/hdf5/plugin/lib__nch5zstd.so
EC_MEMKILL[3997488]: [QD_smaps_pid:3887868:python] VmFlags: rd ex mr mw me sd [QD_smaps_pid:3887868:python] 14705e4c5000-14705e4c6000 r--p 00002000 00:48 24380039 /etc/ecmwf/nfs/dh2_10_perm_b/ecme4047/conda/envs/xesmf_env/lib/hdf5/plugin/lib__nch5zstd.so
EC_MEMKILL[3997488]: [QD_smaps_pid:3887868:python] VmFlags: rd mr mw me sd [QD_smaps_pid:3887868:python] 14705e4c6000-14705e4c7000 r--p 00002000 00:48 24380039 /etc/ecmwf/nfs/dh2_10_perm_b/ecme4047/conda/envs/xesmf_env/lib/hdf5/plugin/lib__nch5zstd.so
EC_MEMKILL[3997488]: [QD_smaps_pid:3887868:python] VmFlags: rd mr mw me ac sd [QD_smaps_pid:3887868:python] 14705e4c7000-14705e4c8000 rw-p 00003000 00:48 24380039 /etc/ecmwf/nfs/dh2_10_perm_b/ecme4047/conda/envs/xesmf_env/lib/hdf5/plugin/lib__nch5zstd.so
EC_MEMKILL[3997488]: [QD_smaps_pid:3887868:python] VmFlags: rd wr mr mw me ac sd [QD_smaps_pid:3887868:python] 14705e4c8000-14705e4d7000 r--p 00000000 00:48 24372321 /etc/ecmwf/nfs/dh2_10_perm_b/ecme4047/conda/envs/xesmf_env/lib/python3.14/site-packages/netCDF4/_netCDF4.abi3.so
EC_MEMKILL[3997488]: [QD_smaps_pid:3887868:python] VmFlags: rd mr mw me sd [QD_smaps_pid:3887868:python] 14705e4d7000-14705e5b8000 r-xp 0000f000 00:48 24372321 /etc/ecmwf/nfs/dh2_10_perm_b/ecme4047/conda/envs/xesmf_env/lib/python3.14/site-packages/netCDF4/_netCDF4.abi3.so
EC_MEMKILL[3997488]: [QD_smaps_pid:3887868:python] VmFlags: rd ex mr mw me sd [QD_smaps_pid:3887868:python] 14705e5b8000-14705e5e9000 r--p 000f0000 00:48 24372321 /etc/ecmwf/nfs/dh2_10_perm_b/ecme4047/conda/envs/xesmf_env/lib/python3.14/site-packages/netCDF4/_netCDF4.abi3.so
EC_MEMKILL[3997488]: [QD_smaps_pid:3887868:python] VmFlags: rd mr mw me sd [QD_smaps_pid:3887868:python] 14705e5e9000-14705e5ea000 r--p 00121000 00:48 24372321 /etc/ecmwf/nfs/dh2_10_perm_b/ecme4047/conda/envs/xesmf_env/lib/python3.14/site-packages/netCDF4/_netCDF4.abi3.so
EC_MEMKILL[3997488]: [QD_smaps_pid:3887868:python] VmFlags: rd mr mw me ac sd [QD_smaps_pid:3887868:python] 14705e5ea000-14705e5ef000 rw-p 00122000 00:48 24372321 /etc/ecmwf/nfs/dh2_10_perm_b/ecme4047/conda/envs/xesmf_env/lib/python3.14/site-packages/netCDF4/_netCDF4.abi3.so
EC_MEMKILL[3997488]: [QD_smaps_pid:3887868:python] VmFlags: rd wr mr mw me ac sd [QD_smaps_pid:3887868:python] 14705e5ef000-14705e5f2000 rw-p 00000000 00:00 0 [QD_smaps_pid:3887868:python] VmFlags: rd wr mr mw me ac sd [QD_smaps_pid:3887868:python] 14705e5f2000-14705e5f7000 r--p 00000000 00:48 24340138 /etc/ecmwf/nfs/dh2_10_perm_b/ecme4047/conda/envs/xesmf_env/lib/python3.14/site-packages/scipy/ndimage/_ni_label.cpython-314-x86_64-linux-gnu.so
EC_MEMKILL[3997488]: [QD_smaps_pid:3887868:python] VmFlags: rd mr mw me sd [QD_smaps_pid:3887868:python] 14705e5f7000-14705e618000 r-xp 00005000 00:48 24340138 /etc/ecmwf/nfs/dh2_10_perm_b/ecme4047/conda/envs/xesmf_env/lib/python3.14/site-packages/scipy/ndimage/_ni_label.cpython-314-x86_64-linux-gnu.so
EC_MEMKILL[3997488]: [QD_smaps_pid:3887868:python] VmFlags: rd ex mr mw me sd [QD_smaps_pid:3887868:python] 14705e618000-14705e61e000 r--p 00026000 00:48 24340138 /etc/ecmwf/nfs/dh2_10_perm_b/ecme4047/conda/envs/xesmf_env/lib/python3.14/site-packages/scipy/ndimage/_ni_label.cpython-314-x86_64-linux-gnu.so
EC_MEMKILL[3997488]: [QD_smaps_pid:3887868:python] VmFlags: rd mr mw me sd [QD_smaps_pid:3887868:python] 14705e61e000-14705e61f000 r--p 0002c000 00:48 24340138 /etc/ecmwf/nfs/dh2_10_perm_b/ecme4047/conda/envs/xesmf_env/lib/python3.14/site-packages/scipy/ndimage/_ni_label.cpython-314-x86_64-linux-gnu.so
EC_MEMKILL[3997488]: [QD_smaps_pid:3887868:python] VmFlags: rd mr mw me ac sd [QD_smaps_pid:3887868:python] 14705e61f000-14705e620000 rw-p 0002d000 00:48 24340138 /etc/ecmwf/nfs/dh2_10_perm_b/ecme4047/conda/envs/xesmf_env/lib/python3.14/site-packages/scipy/ndimage/_ni_label.cpython-314-x86_64-linux-gnu.so
EC_MEMKILL[3997488]: [QD_smaps_pid:3887868:python] VmFlags: rd wr mr mw me ac sd [QD_smaps_pid:3887868:python] 14705e620000-14705e621000 rw-p 00000000 00:00 0 [QD_smaps_pid:3887868:python] VmFlags: rd wr mr mw me ac sd [QD_smaps_pid:3887868:python] 14705e621000-14705e623000 r--p 00000000 00:48 24341723 /etc/ecmwf/nfs/dh2_10_perm_b/ecme4047/conda/envs/xesmf_env/lib/python3.14/site-packages/scipy/ndimage/_rank_filter_1d.cpython-314-x86_64-linux-gnu.so
EC_MEMKILL[3997488]: [QD_smaps_pid:3887868:python] VmFlags: rd mr mw me sd [QD_smaps_pid:3887868:python] 14705e623000-14705e626000 r-xp 00002000 00:48 24341723 /etc/ecmwf/nfs/dh2_10_perm_b/ecme4047/conda/envs/xesmf_env/lib/python3.14/site-packages/scipy/ndimage/_rank_filter_1d.cpython-314-x86_64-linux-gnu.so
EC_MEMKILL[3997488]: [QD_smaps_pid:3887868:python] VmFlags: rd ex mr mw me sd [QD_smaps_pid:3887868:python] 14705e626000-14705e627000 r--p 00005000 00:48 24341723 /etc/ecmwf/nfs/dh2_10_perm_b/ecme4047/conda/envs/xesmf_env/lib/python3.14/site-packages/scipy/ndimage/_rank_filter_1d.cpython-314-x86_64-linux-gnu.so
EC_MEMKILL[3997488]: [QD_smaps_pid:3887868:python] VmFlags: rd mr mw me sd [QD_smaps_pid:3887868:python] 14705e627000-14705e628000 r--p 00005000 00:48 24341723 /etc/ecmwf/nfs/dh2_10_perm_b/ecme4047/conda/envs/xesmf_env/lib/python3.14/site-packages/scipy/ndimage/_rank_filter_1d.cpython-314-x86_64-linux-gnu.so
EC_MEMKILL[3997488]: [QD_smaps_pid:3887868:python] VmFlags: rd mr mw me ac sd [QD_smaps_pid:3887868:python] 14705e628000-14705e629000 rw-p 00006000 00:48 24341723 /etc/ecmwf/nfs/dh2_10_perm_b/ecme4047/conda/envs/xesmf_env/lib/python3.14/site-packages/scipy/ndimage/_rank_filter_1d.cpython-314-x86_64-linux-gnu.so
EC_MEMKILL[3997488]: [QD_smaps_pid:3887868:python] VmFlags: rd wr mr mw me ac sd [QD_smaps_pid:3887868:python] 14705e629000-14705e62b000 r--p 00000000 00:48 24341022 /etc/ecmwf/nfs/dh2_10_perm_b/ecme4047/conda/envs/xesmf_env/lib/python3.14/site-packages/scipy/ndimage/_nd_image.cpython-314-x86_64-linux-gnu.so
EC_MEMKILL[3997488]: [QD_smaps_pid:3887868:python] VmFlags: rd mr mw me sd [QD_smaps_pid:3887868:python] 14705e62b000-14705e646000 r-xp 00002000 00:48 24341022 /etc/ecmwf/nfs/dh2_10_perm_b/ecme4047/conda/envs/xesmf_env/lib/python3.14/site-packages/scipy/ndimage/_nd_image.cpython-314-x86_64-linux-gnu.so
EC_MEMKILL[3997488]: [QD_smaps_pid:3887868:python] VmFlags: rd ex mr mw me sd [QD_smaps_pid:3887868:python] 14705e646000-14705e64a000 r--p 0001d000 00:48 24341022 /etc/ecmwf/nfs/dh2_10_perm_b/ecme4047/conda/envs/xesmf_env/lib/python3.14/site-packages/scipy/ndimage/_nd_image.cpython-314-x86_64-linux-gnu.so
EC_MEMKILL[3997488]: [QD_smaps_pid:3887868:python] VmFlags: rd mr mw me sd [QD_smaps_pid:3887868:python] 14705e64a000-14705e64b000 r--p 00020000 00:48 24341022 /etc/ecmwf/nfs/dh2_10_perm_b/ecme4047/conda/envs/xesmf_env/lib/python3.14/site-packages/scipy/ndimage/_nd_image.cpython-314-x86_64-linux-gnu.so
EC_MEMKILL[3997488]: [QD_smaps_pid:3887868:python] VmFlags: rd mr mw me ac sd [QD_smaps_pid:3887868:python] 14705e64b000-14705e64c000 rw-p 00021000 00:48 24341022 /etc/ecmwf/nfs/dh2_10_perm_b/ecme4047/conda/envs/xesmf_env/lib/python3.14/site-packages/scipy/ndimage/_nd_image.cpython-314-x86_64-linux-gnu.so
EC_MEMKILL[3997488]: [QD_smaps_pid:3887868:python] VmFlags: rd wr mr mw me ac sd [QD_smaps_pid:3887868:python] 14705e64c000-14705e74c000 rw-p 00000000 00:00 0 [QD_smaps_pid:3887868:python] Size: 1024 kB
EC_MEMKILL[3997488]: [QD_smaps_pid:3887868:python] VmFlags: rd wr mr mw me ac sd [QD_smaps_pid:3887868:python] 14705e74c000-14705e750000 r--p 00000000 00:48 24343433 /etc/ecmwf/nfs/dh2_10_perm_b/ecme4047/conda/envs/xesmf_env/lib/python3.14/site-packages/scipy/stats/_qmvnt_cy.cpython-314-x86_64-linux-gnu.so
EC_MEMKILL[3997488]: [QD_smaps_pid:3887868:python] VmFlags: rd mr mw me sd [QD_smaps_pid:3887868:python] 14705e750000-14705e761000 r-xp 00004000 00:48 24343433 /etc/ecmwf/nfs/dh2_10_perm_b/ecme4047/conda/envs/xesmf_env/lib/python3.14/site-packages/scipy/stats/_qmvnt_cy.cpython-314-x86_64-linux-gnu.so
EC_MEMKILL[3997488]: [QD_smaps_pid:3887868:python] VmFlags: rd ex mr mw me sd [QD_smaps_pid:3887868:python] 14705e761000-14705e764000 r--p 00015000 00:48 24343433 /etc/ecmwf/nfs/dh2_10_perm_b/ecme4047/conda/envs/xesmf_env/lib/python3.14/site-packages/scipy/stats/_qmvnt_cy.cpython-314-x86_64-linux-gnu.so
EC_MEMKILL[3997488]: [QD_smaps_pid:3887868:python] VmFlags: rd mr mw me sd [QD_smaps_pid:3887868:python] 14705e764000-14705e765000 r--p 00018000 00:48 24343433 /etc/ecmwf/nfs/dh2_10_perm_b/ecme4047/conda/envs/xesmf_env/lib/python3.14/site-packages/scipy/stats/_qmvnt_cy.cpython-314-x86_64-linux-gnu.so
EC_MEMKILL[3997488]: [QD_smaps_pid:3887868:python] VmFlags: rd mr mw me ac sd [QD_smaps_pid:3887868:python] 14705e765000-14705e766000 rw-p 00019000 00:48 24343433 /etc/ecmwf/nfs/dh2_10_perm_b/ecme4047/conda/envs/xesmf_env/lib/python3.14/site-packages/scipy/stats/_qmvnt_cy.cpython-314-x86_64-linux-gnu.so
EC_MEMKILL[3997488]: [QD_smaps_pid:3887868:python] VmFlags: rd wr mr mw me ac sd [QD_smaps_pid:3887868:python] 14705e766000-14705e76a000 r--p 00000000 00:48 24340590 /etc/ecmwf/nfs/dh2_10_perm_b/ecme4047/conda/envs/xesmf_env/lib/python3.14/site-packages/scipy/stats/_rcont/rcont.cpython-314-x86_64-linux-gnu.so
EC_MEMKILL[3997488]: [QD_smaps_pid:3887868:python] VmFlags: rd mr mw me sd [QD_smaps_pid:3887868:python] 14705e76a000-14705e775000 r-xp 00004000 00:48 24340590 /etc/ecmwf/nfs/dh2_10_perm_b/ecme4047/conda/envs/xesmf_env/lib/python3.14/site-packages/scipy/stats/_rcont/rcont.cpython-314-x86_64-linux-gnu.so
EC_MEMKILL[3997488]: [QD_smaps_pid:3887868:python] VmFlags: rd ex mr mw me sd [QD_smaps_pid:3887868:python] 14705e775000-14705e779000 r--p 0000f000 00:48 24340590 /etc/ecmwf/nfs/dh2_10_perm_b/ecme4047/conda/envs/xesmf_env/lib/python3.14/site-packages/scipy/stats/_rcont/rcont.cpython-314-x86_64-linux-gnu.so
EC_MEMKILL[3997488]: [QD_smaps_pid:3887868:python] VmFlags: rd mr mw me sd [QD_smaps_pid:3887868:python] 14705e779000-14705e77a000 r--p 00012000 00:48 24340590 /etc/ecmwf/nfs/dh2_10_perm_b/ecme4047/conda/envs/xesmf_env/lib/python3.14/site-packages/scipy/stats/_rcont/rcont.cpython-314-x86_64-linux-gnu.so
EC_MEMKILL[3997488]: [QD_smaps_pid:3887868:python] VmFlags: rd mr mw me ac sd [QD_smaps_pid:3887868:python] 14705e77a000-14705e77b000 rw-p 00013000 00:48 24340590 /etc/ecmwf/nfs/dh2_10_perm_b/ecme4047/conda/envs/xesmf_env/lib/python3.14/site-packages/scipy/stats/_rcont/rcont.cpython-314-x86_64-linux-gnu.so
EC_MEMKILL[3997488]: [QD_smaps_pid:3887868:python] VmFlags: rd wr mr mw me ac sd [QD_smaps_pid:3887868:python] 14705e77b000-14705e87b000 rw-p 00000000 00:00 0 [QD_smaps_pid:3887868:python] Size: 1024 kB
EC_MEMKILL[3997488]: [QD_smaps_pid:3887868:python] VmFlags: rd wr mr mw me ac sd [QD_smaps_pid:3887868:python] 14705e87b000-14705e880000 r--p 00000000 00:48 24337519 /etc/ecmwf/nfs/dh2_10_perm_b/ecme4047/conda/envs/xesmf_env/lib/python3.14/site-packages/scipy/stats/_qmc_cy.cpython-314-x86_64-linux-gnu.so
EC_MEMKILL[3997488]: [QD_smaps_pid:3887868:python] VmFlags: rd mr mw me sd [QD_smaps_pid:3887868:python] 14705e880000-14705e88e000 r-xp 00005000 00:48 24337519 /etc/ecmwf/nfs/dh2_10_perm_b/ecme4047/conda/envs/xesmf_env/lib/python3.14/site-packages/scipy/stats/_qmc_cy.cpython-314-x86_64-linux-gnu.so
EC_MEMKILL[3997488]: [QD_smaps_pid:3887868:python] VmFlags: rd ex mr mw me sd [QD_smaps_pid:3887868:python] 14705e88e000-14705e892000 r--p 00013000 00:48 24337519 /etc/ecmwf/nfs/dh2_10_perm_b/ecme4047/conda/envs/xesmf_env/lib/python3.14/site-packages/scipy/stats/_qmc_cy.cpython-314-x86_64-linux-gnu.so
EC_MEMKILL[3997488]: [QD_smaps_pid:3887868:python] VmFlags: rd mr mw me sd [QD_smaps_pid:3887868:python] 14705e892000-14705e893000 r--p 00016000 00:48 24337519 /etc/ecmwf/nfs/dh2_10_perm_b/ecme4047/conda/envs/xesmf_env/lib/python3.14/site-packages/scipy/stats/_qmc_cy.cpython-314-x86_64-linux-gnu.so
EC_MEMKILL[3997488]: [QD_smaps_pid:3887868:python] VmFlags: rd mr mw me ac sd [QD_smaps_pid:3887868:python] 14705e893000-14705e894000 rw-p 00017000 00:48 24337519 /etc/ecmwf/nfs/dh2_10_perm_b/ecme4047/conda/envs/xesmf_env/lib/python3.14/site-packages/scipy/stats/_qmc_cy.cpython-314-x86_64-linux-gnu.so
EC_MEMKILL[3997488]: [QD_smaps_pid:3887868:python] VmFlags: rd wr mr mw me ac sd [QD_smaps_pid:3887868:python] 14705e894000-14705e899000 r--p 00000000 00:48 24343835 /etc/ecmwf/nfs/dh2_10_perm_b/ecme4047/conda/envs/xesmf_env/lib/python3.14/site-packages/scipy/stats/_sobol.cpython-314-x86_64-linux-gnu.so
EC_MEMKILL[3997488]: [QD_smaps_pid:3887868:python] VmFlags: rd mr mw me sd [QD_smaps_pid:3887868:python] 14705e899000-14705e8b4000 r-xp 00005000 00:48 24343835 /etc/ecmwf/nfs/dh2_10_perm_b/ecme4047/conda/envs/xesmf_env/lib/python3.14/site-packages/scipy/stats/_sobol.cpython-314-x86_64-linux-gnu.so
EC_MEMKILL[3997488]: [QD_smaps_pid:3887868:python] VmFlags: rd ex mr mw me sd [QD_smaps_pid:3887868:python] 14705e8b4000-14705e8b9000 r--p 00020000 00:48 24343835 /etc/ecmwf/nfs/dh2_10_perm_b/ecme4047/conda/envs/xesmf_env/lib/python3.14/site-packages/scipy/stats/_sobol.cpython-314-x86_64-linux-gnu.so
EC_MEMKILL[3997488]: [QD_smaps_pid:3887868:python] VmFlags: rd mr mw me sd [QD_smaps_pid:3887868:python] 14705e8b9000-14705e8ba000 r--p 00025000 00:48 24343835 /etc/ecmwf/nfs/dh2_10_perm_b/ecme4047/conda/envs/xesmf_env/lib/python3.14/site-packages/scipy/stats/_sobol.cpython-314-x86_64-linux-gnu.so
EC_MEMKILL[3997488]: [QD_smaps_pid:3887868:python] VmFlags: rd mr mw me ac sd [QD_smaps_pid:3887868:python] 14705e8ba000-14705e8bb000 rw-p 00026000 00:48 24343835 /etc/ecmwf/nfs/dh2_10_perm_b/ecme4047/conda/envs/xesmf_env/lib/python3.14/site-packages/scipy/stats/_sobol.cpython-314-x86_64-linux-gnu.so
EC_MEMKILL[3997488]: [QD_smaps_pid:3887868:python] VmFlags: rd wr mr mw me ac sd [QD_smaps_pid:3887868:python] 14705e8bb000-14705e8bc000 rw-p 00000000 00:00 0 [QD_smaps_pid:3887868:python] VmFlags: rd wr mr mw me ac sd [QD_smaps_pid:3887868:python] 14705e8bc000-14705e8c1000 r--p 00000000 00:48 24341406 /etc/ecmwf/nfs/dh2_10_perm_b/ecme4047/conda/envs/xesmf_env/lib/python3.14/site-packages/scipy/sparse/csgraph/_reordering.cpython-314-x86_64-linux-gnu.so
EC_MEMKILL[3997488]: [QD_smaps_pid:3887868:python] VmFlags: rd mr mw me sd [QD_smaps_pid:3887868:python] 14705e8c1000-14705e8d5000 r-xp 00005000 00:48 24341406 /etc/ecmwf/nfs/dh2_10_perm_b/ecme4047/conda/envs/xesmf_env/lib/python3.14/site-packages/scipy/sparse/csgraph/_reordering.cpython-314-x86_64-linux-gnu.so
EC_MEMKILL[3997488]: [QD_smaps_pid:3887868:python] VmFlags: rd ex mr mw me sd [QD_smaps_pid:3887868:python] 14705e8d5000-14705e8db000 r--p 00019000 00:48 24341406 /etc/ecmwf/nfs/dh2_10_perm_b/ecme4047/conda/envs/xesmf_env/lib/python3.14/site-packages/scipy/sparse/csgraph/_reordering.cpython-314-x86_64-linux-gnu.so
EC_MEMKILL[3997488]: [QD_smaps_pid:3887868:python] VmFlags: rd mr mw me sd [QD_smaps_pid:3887868:python] 14705e8db000-14705e8dc000 r--p 0001e000 00:48 24341406 /etc/ecmwf/nfs/dh2_10_perm_b/ecme4047/conda/envs/xesmf_env/lib/python3.14/site-packages/scipy/sparse/csgraph/_reordering.cpython-314-x86_64-linux-gnu.so
EC_MEMKILL[3997488]: [QD_smaps_pid:3887868:python] VmFlags: rd mr mw me ac sd [QD_smaps_pid:3887868:python] 14705e8dc000-14705e8dd000 rw-p 0001f000 00:48 24341406 /etc/ecmwf/nfs/dh2_10_perm_b/ecme4047/conda/envs/xesmf_env/lib/python3.14/site-packages/scipy/sparse/csgraph/_reordering.cpython-314-x86_64-linux-gnu.so
EC_MEMKILL[3997488]: [QD_smaps_pid:3887868:python] VmFlags: rd wr mr mw me ac sd [QD_smaps_pid:3887868:python] 14705e8dd000-14705e8de000 rw-p 00000000 00:00 0 [QD_smaps_pid:3887868:python] VmFlags: rd wr mr mw me ac sd [QD_smaps_pid:3887868:python] 14705e8de000-14705e8e2000 r--p 00000000 00:48 24339994 /etc/ecmwf/nfs/dh2_10_perm_b/ecme4047/conda/envs/xesmf_env/lib/python3.14/site-packages/scipy/sparse/csgraph/_matching.cpython-314-x86_64-linux-gnu.so
EC_MEMKILL[3997488]: [QD_smaps_pid:3887868:python] VmFlags: rd mr mw me sd [QD_smaps_pid:3887868:python] 14705e8e2000-14705e8ff000 r-xp 00004000 00:48 24339994 /etc/ecmwf/nfs/dh2_10_perm_b/ecme4047/conda/envs/xesmf_env/lib/python3.14/site-packages/scipy/sparse/csgraph/_matching.cpython-314-x86_64-linux-gnu.so
EC_MEMKILL[3997488]: [QD_smaps_pid:3887868:python] VmFlags: rd ex mr mw me sd [QD_smaps_pid:3887868:python] 14705e8ff000-14705e906000 r--p 00021000 00:48 24339994 /etc/ecmwf/nfs/dh2_10_perm_b/ecme4047/conda/envs/xesmf_env/lib/python3.14/site-packages/scipy/sparse/csgraph/_matching.cpython-314-x86_64-linux-gnu.so
EC_MEMKILL[3997488]: [QD_smaps_pid:3887868:python] VmFlags: rd mr mw me sd [QD_smaps_pid:3887868:python] 14705e906000-14705e907000 r--p 00028000 00:48 24339994 /etc/ecmwf/nfs/dh2_10_perm_b/ecme4047/conda/envs/xesmf_env/lib/python3.14/site-packages/scipy/sparse/csgraph/_matching.cpython-314-x86_64-linux-gnu.so
EC_MEMKILL[3997488]: [QD_smaps_pid:3887868:python] VmFlags: rd mr mw me ac sd [QD_smaps_pid:3887868:python] 14705e907000-14705e908000 rw-p 00029000 00:48 24339994 /etc/ecmwf/nfs/dh2_10_perm_b/ecme4047/conda/envs/xesmf_env/lib/python3.14/site-packages/scipy/sparse/csgraph/_matching.cpython-314-x86_64-linux-gnu.so
EC_MEMKILL[3997488]: [QD_smaps_pid:3887868:python] VmFlags: rd wr mr mw me ac sd [QD_smaps_pid:3887868:python] 14705e908000-14705e90c000 r--p 00000000 00:48 24339537 /etc/ecmwf/nfs/dh2_10_perm_b/ecme4047/conda/envs/xesmf_env/lib/python3.14/site-packages/scipy/sparse/csgraph/_flow.cpython-314-x86_64-linux-gnu.so
EC_MEMKILL[3997488]: [QD_smaps_pid:3887868:python] VmFlags: rd mr mw me sd [QD_smaps_pid:3887868:python] 14705e90c000-14705e929000 r-xp 00004000 00:48 24339537 /etc/ecmwf/nfs/dh2_10_perm_b/ecme4047/conda/envs/xesmf_env/lib/python3.14/site-packages/scipy/sparse/csgraph/_flow.cpython-314-x86_64-linux-gnu.so
EC_MEMKILL[3997488]: [QD_smaps_pid:3887868:python] VmFlags: rd ex mr mw me sd [QD_smaps_pid:3887868:python] 14705e929000-14705e92f000 r--p 00021000 00:48 24339537 /etc/ecmwf/nfs/dh2_10_perm_b/ecme4047/conda/envs/xesmf_env/lib/python3.14/site-packages/scipy/sparse/csgraph/_flow.cpython-314-x86_64-linux-gnu.so
EC_MEMKILL[3997488]: [QD_smaps_pid:3887868:python] VmFlags: rd mr mw me sd [QD_smaps_pid:3887868:python] 14705e92f000-14705e930000 r--p 00027000 00:48 24339537 /etc/ecmwf/nfs/dh2_10_perm_b/ecme4047/conda/envs/xesmf_env/lib/python3.14/site-packages/scipy/sparse/csgraph/_flow.cpython-314-x86_64-linux-gnu.so
EC_MEMKILL[3997488]: [QD_smaps_pid:3887868:python] VmFlags: rd mr mw me ac sd [QD_smaps_pid:3887868:python] 14705e930000-14705e931000 rw-p 00028000 00:48 24339537 /etc/ecmwf/nfs/dh2_10_perm_b/ecme4047/conda/envs/xesmf_env/lib/python3.14/site-packages/scipy/sparse/csgraph/_flow.cpython-314-x86_64-linux-gnu.so
EC_MEMKILL[3997488]: [QD_smaps_pid:3887868:python] VmFlags: rd wr mr mw me ac sd [QD_smaps_pid:3887868:python] 14705e931000-14705e935000 r--p 00000000 00:48 24331376 /etc/ecmwf/nfs/dh2_10_perm_b/ecme4047/conda/envs/xesmf_env/lib/python3.14/site-packages/scipy/sparse/csgraph/_min_spanning_tree.cpython-314-x86_64-linux-gnu.so
EC_MEMKILL[3997488]: [QD_smaps_pid:3887868:python] VmFlags: rd mr mw me sd [QD_smaps_pid:3887868:python] 14705e935000-14705e941000 r-xp 00004000 00:48 24331376 /etc/ecmwf/nfs/dh2_10_perm_b/ecme4047/conda/envs/xesmf_env/lib/python3.14/site-packages/scipy/sparse/csgraph/_min_spanning_tree.cpython-314-x86_64-linux-gnu.so
EC_MEMKILL[3997488]: [QD_smaps_pid:3887868:python] VmFlags: rd ex mr mw me sd [QD_smaps_pid:3887868:python] 14705e941000-14705e945000 r--p 00010000 00:48 24331376 /etc/ecmwf/nfs/dh2_10_perm_b/ecme4047/conda/envs/xesmf_env/lib/python3.14/site-packages/scipy/sparse/csgraph/_min_spanning_tree.cpython-314-x86_64-linux-gnu.so
EC_MEMKILL[3997488]: [QD_smaps_pid:3887868:python] VmFlags: rd mr mw me sd [QD_smaps_pid:3887868:python] 14705e945000-14705e946000 r--p 00013000 00:48 24331376 /etc/ecmwf/nfs/dh2_10_perm_b/ecme4047/conda/envs/xesmf_env/lib/python3.14/site-packages/scipy/sparse/csgraph/_min_spanning_tree.cpython-314-x86_64-linux-gnu.so
EC_MEMKILL[3997488]: [QD_smaps_pid:3887868:python] VmFlags: rd mr mw me ac sd [QD_smaps_pid:3887868:python] 14705e946000-14705e947000 rw-p 00014000 00:48 24331376 /etc/ecmwf/nfs/dh2_10_perm_b/ecme4047/conda/envs/xesmf_env/lib/python3.14/site-packages/scipy/sparse/csgraph/_min_spanning_tree.cpython-314-x86_64-linux-gnu.so
EC_MEMKILL[3997488]: [QD_smaps_pid:3887868:python] VmFlags: rd wr mr mw me ac sd [QD_smaps_pid:3887868:python] 14705e947000-14705e94d000 r--p 00000000 00:48 24342680 /etc/ecmwf/nfs/dh2_10_perm_b/ecme4047/conda/envs/xesmf_env/lib/python3.14/site-packages/scipy/sparse/csgraph/_traversal.cpython-314-x86_64-linux-gnu.so
EC_MEMKILL[3997488]: [QD_smaps_pid:3887868:python] VmFlags: rd mr mw me sd [QD_smaps_pid:3887868:python] 14705e94d000-14705e983000 r-xp 00006000 00:48 24342680 /etc/ecmwf/nfs/dh2_10_perm_b/ecme4047/conda/envs/xesmf_env/lib/python3.14/site-packages/scipy/sparse/csgraph/_traversal.cpython-314-x86_64-linux-gnu.so
EC_MEMKILL[3997488]: [QD_smaps_pid:3887868:python] VmFlags: rd ex mr mw me sd [QD_smaps_pid:3887868:python] 14705e983000-14705e98d000 r--p 0003c000 00:48 24342680 /etc/ecmwf/nfs/dh2_10_perm_b/ecme4047/conda/envs/xesmf_env/lib/python3.14/site-packages/scipy/sparse/csgraph/_traversal.cpython-314-x86_64-linux-gnu.so
EC_MEMKILL[3997488]: [QD_smaps_pid:3887868:python] VmFlags: rd mr mw me sd [QD_smaps_pid:3887868:python] 14705e98d000-14705e98e000 r--p 00046000 00:48 24342680 /etc/ecmwf/nfs/dh2_10_perm_b/ecme4047/conda/envs/xesmf_env/lib/python3.14/site-packages/scipy/sparse/csgraph/_traversal.cpython-314-x86_64-linux-gnu.so
EC_MEMKILL[3997488]: [QD_smaps_pid:3887868:python] VmFlags: rd mr mw me ac sd [QD_smaps_pid:3887868:python] 14705e98e000-14705e98f000 rw-p 00047000 00:48 24342680 /etc/ecmwf/nfs/dh2_10_perm_b/ecme4047/conda/envs/xesmf_env/lib/python3.14/site-packages/scipy/sparse/csgraph/_traversal.cpython-314-x86_64-linux-gnu.so
EC_MEMKILL[3997488]: [QD_smaps_pid:3887868:python] VmFlags: rd wr mr mw me ac sd [QD_smaps_pid:3887868:python] 14705e98f000-14705e990000 rw-p 00000000 00:00 0 [QD_smaps_pid:3887868:python] VmFlags: rd wr mr mw me ac sd [QD_smaps_pid:3887868:python] 14705e990000-14705e994000 r--p 00000000 00:48 24339947 /etc/ecmwf/nfs/dh2_10_perm_b/ecme4047/conda/envs/xesmf_env/lib/python3.14/site-packages/scipy/sparse/csgraph/_tools.cpython-314-x86_64-linux-gnu.so
EC_MEMKILL[3997488]: [QD_smaps_pid:3887868:python] VmFlags: rd mr mw me sd [QD_smaps_pid:3887868:python] 14705e994000-14705e9af000 r-xp 00004000 00:48 24339947 /etc/ecmwf/nfs/dh2_10_perm_b/ecme4047/conda/envs/xesmf_env/lib/python3.14/site-packages/scipy/sparse/csgraph/_tools.cpython-314-x86_64-linux-gnu.so
EC_MEMKILL[3997488]: [QD_smaps_pid:3887868:python] VmFlags: rd ex mr mw me sd [QD_smaps_pid:3887868:python] 14705e9af000-14705e9b7000 r--p 0001f000 00:48 24339947 /etc/ecmwf/nfs/dh2_10_perm_b/ecme4047/conda/envs/xesmf_env/lib/python3.14/site-packages/scipy/sparse/csgraph/_tools.cpython-314-x86_64-linux-gnu.so
EC_MEMKILL[3997488]: [QD_smaps_pid:3887868:python] VmFlags: rd mr mw me sd [QD_smaps_pid:3887868:python] 14705e9b7000-14705e9b8000 r--p 00026000 00:48 24339947 /etc/ecmwf/nfs/dh2_10_perm_b/ecme4047/conda/envs/xesmf_env/lib/python3.14/site-packages/scipy/sparse/csgraph/_tools.cpython-314-x86_64-linux-gnu.so
EC_MEMKILL[3997488]: [QD_smaps_pid:3887868:python] VmFlags: rd mr mw me ac sd [QD_smaps_pid:3887868:python] 14705e9b8000-14705e9b9000 rw-p 00027000 00:48 24339947 /etc/ecmwf/nfs/dh2_10_perm_b/ecme4047/conda/envs/xesmf_env/lib/python3.14/site-packages/scipy/sparse/csgraph/_tools.cpython-314-x86_64-linux-gnu.so
EC_MEMKILL[3997488]: [QD_smaps_pid:3887868:python] VmFlags: rd wr mr mw me ac sd [QD_smaps_pid:3887868:python] 14705e9b9000-14705e9ba000 rw-p 00000000 00:00 0 [QD_smaps_pid:3887868:python] VmFlags: rd wr mr mw me ac sd [QD_smaps_pid:3887868:python] 14705e9ba000-14705e9c0000 r--p 00000000 00:48 24341974 /etc/ecmwf/nfs/dh2_10_perm_b/ecme4047/conda/envs/xesmf_env/lib/python3.14/site-packages/scipy/sparse/csgraph/_shortest_path.cpython-314-x86_64-linux-gnu.so
EC_MEMKILL[3997488]: [QD_smaps_pid:3887868:python] VmFlags: rd mr mw me sd [QD_smaps_pid:3887868:python] 14705e9c0000-14705ea1c000 r-xp 00006000 00:48 24341974 /etc/ecmwf/nfs/dh2_10_perm_b/ecme4047/conda/envs/xesmf_env/lib/python3.14/site-packages/scipy/sparse/csgraph/_shortest_path.cpython-314-x86_64-linux-gnu.so
EC_MEMKILL[3997488]: [QD_smaps_pid:3887868:python] VmFlags: rd ex mr mw me sd [QD_smaps_pid:3887868:python] 14705ea1c000-14705ea2b000 r--p 00062000 00:48 24341974 /etc/ecmwf/nfs/dh2_10_perm_b/ecme4047/conda/envs/xesmf_env/lib/python3.14/site-packages/scipy/sparse/csgraph/_shortest_path.cpython-314-x86_64-linux-gnu.so
EC_MEMKILL[3997488]: [QD_smaps_pid:3887868:python] VmFlags: rd mr mw me sd [QD_smaps_pid:3887868:python] 14705ea2b000-14705ea2c000 r--p 00070000 00:48 24341974 /etc/ecmwf/nfs/dh2_10_perm_b/ecme4047/conda/envs/xesmf_env/lib/python3.14/site-packages/scipy/sparse/csgraph/_shortest_path.cpython-314-x86_64-linux-gnu.so
EC_MEMKILL[3997488]: [QD_smaps_pid:3887868:python] VmFlags: rd mr mw me ac sd [QD_smaps_pid:3887868:python] 14705ea2c000-14705ea2d000 rw-p 00071000 00:48 24341974 /etc/ecmwf/nfs/dh2_10_perm_b/ecme4047/conda/envs/xesmf_env/lib/python3.14/site-packages/scipy/sparse/csgraph/_shortest_path.cpython-314-x86_64-linux-gnu.so
EC_MEMKILL[3997488]: [QD_smaps_pid:3887868:python] VmFlags: rd wr mr mw me ac sd [QD_smaps_pid:3887868:python] 14705ea2d000-14705ea2e000 rw-p 00000000 00:00 0 [QD_smaps_pid:3887868:python] VmFlags: rd wr mr mw me ac sd [QD_smaps_pid:3887868:python] 14705ea2e000-14705ea32000 r--p 00000000 00:48 24341655 /etc/ecmwf/nfs/dh2_10_perm_b/ecme4047/conda/envs/xesmf_env/lib/python3.14/site-packages/scipy/stats/_ansari_swilk_statistics.cpython-314-x86_64-linux-gnu.so
EC_MEMKILL[3997488]: [QD_smaps_pid:3887868:python] VmFlags: rd mr mw me sd [QD_smaps_pid:3887868:python] 14705ea32000-14705ea3e000 r-xp 00004000 00:48 24341655 /etc/ecmwf/nfs/dh2_10_perm_b/ecme4047/conda/envs/xesmf_env/lib/python3.14/site-packages/scipy/stats/_ansari_swilk_statistics.cpython-314-x86_64-linux-gnu.so
EC_MEMKILL[3997488]: [QD_smaps_pid:3887868:python] VmFlags: rd ex mr mw me sd [QD_smaps_pid:3887868:python] 14705ea3e000-14705ea42000 r--p 00010000 00:48 24341655 /etc/ecmwf/nfs/dh2_10_perm_b/ecme4047/conda/envs/xesmf_env/lib/python3.14/site-packages/scipy/stats/_ansari_swilk_statistics.cpython-314-x86_64-linux-gnu.so
EC_MEMKILL[3997488]: [QD_smaps_pid:3887868:python] VmFlags: rd mr mw me sd [QD_smaps_pid:3887868:python] 14705ea42000-14705ea43000 r--p 00013000 00:48 24341655 /etc/ecmwf/nfs/dh2_10_perm_b/ecme4047/conda/envs/xesmf_env/lib/python3.14/site-packages/scipy/stats/_ansari_swilk_statistics.cpython-314-x86_64-linux-gnu.so
EC_MEMKILL[3997488]: [QD_smaps_pid:3887868:python] VmFlags: rd mr mw me ac sd [QD_smaps_pid:3887868:python] 14705ea43000-14705ea44000 rw-p 00014000 00:48 24341655 /etc/ecmwf/nfs/dh2_10_perm_b/ecme4047/conda/envs/xesmf_env/lib/python3.14/site-packages/scipy/stats/_ansari_swilk_statistics.cpython-314-x86_64-linux-gnu.so
EC_MEMKILL[3997488]: [QD_smaps_pid:3887868:python] VmFlags: rd wr mr mw me ac sd [QD_smaps_pid:3887868:python] 14705ea44000-14705eb44000 rw-p 00000000 00:00 0 [QD_smaps_pid:3887868:python] Size: 1024 kB
EC_MEMKILL[3997488]: [QD_smaps_pid:3887868:python] Rss: 1024 kB
EC_MEMKILL[3997488]: [QD_smaps_pid:3887868:python] Pss: 1024 kB
EC_MEMKILL[3997488]: [QD_smaps_pid:3887868:python] Private_Dirty: 1024 kB
EC_MEMKILL[3997488]: [QD_smaps_pid:3887868:python] Referenced: 1024 kB
EC_MEMKILL[3997488]: [QD_smaps_pid:3887868:python] Anonymous: 1024 kB
EC_MEMKILL[3997488]: [QD_smaps_pid:3887868:python] VmFlags: rd wr mr mw me ac sd [QD_smaps_pid:3887868:python] 14705eb44000-14705eb47000 r--p 00000000 00:48 24338283 /etc/ecmwf/nfs/dh2_10_perm_b/ecme4047/conda/envs/xesmf_env/lib/python3.14/site-packages/scipy/stats/_stats_pythran.cpython-314-x86_64-linux-gnu.so
EC_MEMKILL[3997488]: [QD_smaps_pid:3887868:python] VmFlags: rd mr mw me sd [QD_smaps_pid:3887868:python] 14705eb47000-14705eb58000 r-xp 00003000 00:48 24338283 /etc/ecmwf/nfs/dh2_10_perm_b/ecme4047/conda/envs/xesmf_env/lib/python3.14/site-packages/scipy/stats/_stats_pythran.cpython-314-x86_64-linux-gnu.so
EC_MEMKILL[3997488]: [QD_smaps_pid:3887868:python] VmFlags: rd ex mr mw me sd [QD_smaps_pid:3887868:python] 14705eb58000-14705eb5c000 r--p 00014000 00:48 24338283 /etc/ecmwf/nfs/dh2_10_perm_b/ecme4047/conda/envs/xesmf_env/lib/python3.14/site-packages/scipy/stats/_stats_pythran.cpython-314-x86_64-linux-gnu.so
EC_MEMKILL[3997488]: [QD_smaps_pid:3887868:python] VmFlags: rd mr mw me sd [QD_smaps_pid:3887868:python] 14705eb5c000-14705eb5d000 r--p 00017000 00:48 24338283 /etc/ecmwf/nfs/dh2_10_perm_b/ecme4047/conda/envs/xesmf_env/lib/python3.14/site-packages/scipy/stats/_stats_pythran.cpython-314-x86_64-linux-gnu.so
EC_MEMKILL[3997488]: [QD_smaps_pid:3887868:python] VmFlags: rd mr mw me ac sd [QD_smaps_pid:3887868:python] 14705eb5d000-14705eb5e000 rw-p 00018000 00:48 24338283 /etc/ecmwf/nfs/dh2_10_perm_b/ecme4047/conda/envs/xesmf_env/lib/python3.14/site-packages/scipy/stats/_stats_pythran.cpython-314-x86_64-linux-gnu.so
EC_MEMKILL[3997488]: [QD_smaps_pid:3887868:python] VmFlags: rd wr mr mw me ac sd [QD_smaps_pid:3887868:python] 14705eb5e000-14705eb62000 r--p 00000000 00:48 24342942 /etc/ecmwf/nfs/dh2_10_perm_b/ecme4047/conda/envs/xesmf_env/lib/python3.14/site-packages/scipy/stats/_levy_stable/levyst.cpython-314-x86_64-linux-gnu.so
EC_MEMKILL[3997488]: [QD_smaps_pid:3887868:python] VmFlags: rd mr mw me sd [QD_smaps_pid:3887868:python] 14705eb62000-14705eb67000 r-xp 00004000 00:48 24342942 /etc/ecmwf/nfs/dh2_10_perm_b/ecme4047/conda/envs/xesmf_env/lib/python3.14/site-packages/scipy/stats/_levy_stable/levyst.cpython-314-x86_64-linux-gnu.so
EC_MEMKILL[3997488]: [QD_smaps_pid:3887868:python] VmFlags: rd ex mr mw me sd [QD_smaps_pid:3887868:python] 14705eb67000-14705eb69000 r--p 00009000 00:48 24342942 /etc/ecmwf/nfs/dh2_10_perm_b/ecme4047/conda/envs/xesmf_env/lib/python3.14/site-packages/scipy/stats/_levy_stable/levyst.cpython-314-x86_64-linux-gnu.so
EC_MEMKILL[3997488]: [QD_smaps_pid:3887868:python] VmFlags: rd mr mw me sd [QD_smaps_pid:3887868:python] 14705eb69000-14705eb6a000 r--p 0000b000 00:48 24342942 /etc/ecmwf/nfs/dh2_10_perm_b/ecme4047/conda/envs/xesmf_env/lib/python3.14/site-packages/scipy/stats/_levy_stable/levyst.cpython-314-x86_64-linux-gnu.so
EC_MEMKILL[3997488]: [QD_smaps_pid:3887868:python] VmFlags: rd mr mw me ac sd [QD_smaps_pid:3887868:python] 14705eb6a000-14705eb6b000 rw-p 0000c000 00:48 24342942 /etc/ecmwf/nfs/dh2_10_perm_b/ecme4047/conda/envs/xesmf_env/lib/python3.14/site-packages/scipy/stats/_levy_stable/levyst.cpython-314-x86_64-linux-gnu.so
EC_MEMKILL[3997488]: [QD_smaps_pid:3887868:python] VmFlags: rd wr mr mw me ac sd [QD_smaps_pid:3887868:python] 14705eb6b000-14705eb70000 r--p 00000000 00:48 24338993 /etc/ecmwf/nfs/dh2_10_perm_b/ecme4047/conda/envs/xesmf_env/lib/python3.14/site-packages/scipy/stats/_biasedurn.cpython-314-x86_64-linux-gnu.so
EC_MEMKILL[3997488]: [QD_smaps_pid:3887868:python] VmFlags: rd mr mw me sd [QD_smaps_pid:3887868:python] 14705eb70000-14705eb82000 r-xp 00005000 00:48 24338993 /etc/ecmwf/nfs/dh2_10_perm_b/ecme4047/conda/envs/xesmf_env/lib/python3.14/site-packages/scipy/stats/_biasedurn.cpython-314-x86_64-linux-gnu.so
EC_MEMKILL[3997488]: [QD_smaps_pid:3887868:python] VmFlags: rd ex mr mw me sd [QD_smaps_pid:3887868:python] 14705eb82000-14705eb8a000 r--p 00017000 00:48 24338993 /etc/ecmwf/nfs/dh2_10_perm_b/ecme4047/conda/envs/xesmf_env/lib/python3.14/site-packages/scipy/stats/_biasedurn.cpython-314-x86_64-linux-gnu.so
EC_MEMKILL[3997488]: [QD_smaps_pid:3887868:python] VmFlags: rd mr mw me sd [QD_smaps_pid:3887868:python] 14705eb8a000-14705eb8b000 r--p 0001e000 00:48 24338993 /etc/ecmwf/nfs/dh2_10_perm_b/ecme4047/conda/envs/xesmf_env/lib/python3.14/site-packages/scipy/stats/_biasedurn.cpython-314-x86_64-linux-gnu.so
EC_MEMKILL[3997488]: [QD_smaps_pid:3887868:python] VmFlags: rd mr mw me ac sd [QD_smaps_pid:3887868:python] 14705eb8b000-14705eb8e000 rw-p 0001f000 00:48 24338993 /etc/ecmwf/nfs/dh2_10_perm_b/ecme4047/conda/envs/xesmf_env/lib/python3.14/site-packages/scipy/stats/_biasedurn.cpython-314-x86_64-linux-gnu.so
EC_MEMKILL[3997488]: [QD_smaps_pid:3887868:python] VmFlags: rd wr mr mw me ac sd [QD_smaps_pid:3887868:python] 14705eb8e000-14705ed90000 rw-p 00000000 00:00 0 [QD_smaps_pid:3887868:python] Size: 2056 kB
EC_MEMKILL[3997488]: [QD_smaps_pid:3887868:python] Rss: 2048 kB
EC_MEMKILL[3997488]: [QD_smaps_pid:3887868:python] Pss: 2048 kB
EC_MEMKILL[3997488]: [QD_smaps_pid:3887868:python] Private_Dirty: 2048 kB
EC_MEMKILL[3997488]: [QD_smaps_pid:3887868:python] Referenced: 2048 kB
EC_MEMKILL[3997488]: [QD_smaps_pid:3887868:python] Anonymous: 2048 kB
EC_MEMKILL[3997488]: [QD_smaps_pid:3887868:python] VmFlags: rd wr mr mw me ac sd [QD_smaps_pid:3887868:python] 14705ed90000-14705eda2000 r--p 00000000 00:48 24341176 /etc/ecmwf/nfs/dh2_10_perm_b/ecme4047/conda/envs/xesmf_env/lib/python3.14/site-packages/scipy/special/cython_special.cpython-314-x86_64-linux-gnu.so
EC_MEMKILL[3997488]: [QD_smaps_pid:3887868:python] VmFlags: rd mr mw me sd [QD_smaps_pid:3887868:python] 14705eda2000-14705ef20000 r-xp 00012000 00:48 24341176 /etc/ecmwf/nfs/dh2_10_perm_b/ecme4047/conda/envs/xesmf_env/lib/python3.14/site-packages/scipy/special/cython_special.cpython-314-x86_64-linux-gnu.so
EC_MEMKILL[3997488]: [QD_smaps_pid:3887868:python] Size: 1528 kB
EC_MEMKILL[3997488]: [QD_smaps_pid:3887868:python] VmFlags: rd ex mr mw me sd [QD_smaps_pid:3887868:python] 14705ef20000-14705ef62000 r--p 00190000 00:48 24341176 /etc/ecmwf/nfs/dh2_10_perm_b/ecme4047/conda/envs/xesmf_env/lib/python3.14/site-packages/scipy/special/cython_special.cpython-314-x86_64-linux-gnu.so
EC_MEMKILL[3997488]: [QD_smaps_pid:3887868:python] VmFlags: rd mr mw me sd [QD_smaps_pid:3887868:python] 14705ef62000-14705ef63000 r--p 001d2000 00:48 24341176 /etc/ecmwf/nfs/dh2_10_perm_b/ecme4047/conda/envs/xesmf_env/lib/python3.14/site-packages/scipy/special/cython_special.cpython-314-x86_64-linux-gnu.so
EC_MEMKILL[3997488]: [QD_smaps_pid:3887868:python] VmFlags: rd mr mw me ac sd [QD_smaps_pid:3887868:python] 14705ef63000-14705ef69000 rw-p 001d3000 00:48 24341176 /etc/ecmwf/nfs/dh2_10_perm_b/ecme4047/conda/envs/xesmf_env/lib/python3.14/site-packages/scipy/special/cython_special.cpython-314-x86_64-linux-gnu.so
EC_MEMKILL[3997488]: [QD_smaps_pid:3887868:python] VmFlags: rd wr mr mw me ac sd [QD_smaps_pid:3887868:python] 14705ef69000-14705ef6c000 rw-p 00000000 00:00 0 [QD_smaps_pid:3887868:python] VmFlags: rd wr mr mw me ac sd [QD_smaps_pid:3887868:python] 14705ef6c000-14705ef72000 r--p 00000000 00:48 24338739 /etc/ecmwf/nfs/dh2_10_perm_b/ecme4047/conda/envs/xesmf_env/lib/python3.14/site-packages/scipy/stats/_stats.cpython-314-x86_64-linux-gnu.so
EC_MEMKILL[3997488]: [QD_smaps_pid:3887868:python] VmFlags: rd mr mw me sd [QD_smaps_pid:3887868:python] 14705ef72000-14705efd3000 r-xp 00006000 00:48 24338739 /etc/ecmwf/nfs/dh2_10_perm_b/ecme4047/conda/envs/xesmf_env/lib/python3.14/site-packages/scipy/stats/_stats.cpython-314-x86_64-linux-gnu.so
EC_MEMKILL[3997488]: [QD_smaps_pid:3887868:python] VmFlags: rd ex mr mw me sd [QD_smaps_pid:3887868:python] 14705efd3000-14705efdb000 r--p 00067000 00:48 24338739 /etc/ecmwf/nfs/dh2_10_perm_b/ecme4047/conda/envs/xesmf_env/lib/python3.14/site-packages/scipy/stats/_stats.cpython-314-x86_64-linux-gnu.so
EC_MEMKILL[3997488]: [QD_smaps_pid:3887868:python] VmFlags: rd mr mw me sd [QD_smaps_pid:3887868:python] 14705efdb000-14705efdc000 r--p 0006f000 00:48 24338739 /etc/ecmwf/nfs/dh2_10_perm_b/ecme4047/conda/envs/xesmf_env/lib/python3.14/site-packages/scipy/stats/_stats.cpython-314-x86_64-linux-gnu.so
EC_MEMKILL[3997488]: [QD_smaps_pid:3887868:python] VmFlags: rd mr mw me ac sd [QD_smaps_pid:3887868:python] 14705efdc000-14705efde000 rw-p 00070000 00:48 24338739 /etc/ecmwf/nfs/dh2_10_perm_b/ecme4047/conda/envs/xesmf_env/lib/python3.14/site-packages/scipy/stats/_stats.cpython-314-x86_64-linux-gnu.so
EC_MEMKILL[3997488]: [QD_smaps_pid:3887868:python] VmFlags: rd wr mr mw me ac sd [QD_smaps_pid:3887868:python] 14705efde000-14705efdf000 rw-p 00000000 00:00 0 [QD_smaps_pid:3887868:python] VmFlags: rd wr mr mw me ac sd [QD_smaps_pid:3887868:python] 14705efdf000-14705efe3000 r--p 00000000 00:48 24342825 /etc/ecmwf/nfs/dh2_10_perm_b/ecme4047/conda/envs/xesmf_env/lib/python3.14/site-packages/scipy/interpolate/_rgi_cython.cpython-314-x86_64-linux-gnu.so
EC_MEMKILL[3997488]: [QD_smaps_pid:3887868:python] VmFlags: rd mr mw me sd [QD_smaps_pid:3887868:python] 14705efe3000-14705eff2000 r-xp 00004000 00:48 24342825 /etc/ecmwf/nfs/dh2_10_perm_b/ecme4047/conda/envs/xesmf_env/lib/python3.14/site-packages/scipy/interpolate/_rgi_cython.cpython-314-x86_64-linux-gnu.so
EC_MEMKILL[3997488]: [QD_smaps_pid:3887868:python] VmFlags: rd ex mr mw me sd [QD_smaps_pid:3887868:python] 14705eff2000-14705eff6000 r--p 00013000 00:48 24342825 /etc/ecmwf/nfs/dh2_10_perm_b/ecme4047/conda/envs/xesmf_env/lib/python3.14/site-packages/scipy/interpolate/_rgi_cython.cpython-314-x86_64-linux-gnu.so
EC_MEMKILL[3997488]: [QD_smaps_pid:3887868:python] VmFlags: rd mr mw me sd [QD_smaps_pid:3887868:python] 14705eff6000-14705eff7000 r--p 00016000 00:48 24342825 /etc/ecmwf/nfs/dh2_10_perm_b/ecme4047/conda/envs/xesmf_env/lib/python3.14/site-packages/scipy/interpolate/_rgi_cython.cpython-314-x86_64-linux-gnu.so
EC_MEMKILL[3997488]: [QD_smaps_pid:3887868:python] VmFlags: rd mr mw me ac sd [QD_smaps_pid:3887868:python] 14705eff7000-14705eff8000 rw-p 00017000 00:48 24342825 /etc/ecmwf/nfs/dh2_10_perm_b/ecme4047/conda/envs/xesmf_env/lib/python3.14/site-packages/scipy/interpolate/_rgi_cython.cpython-314-x86_64-linux-gnu.so
EC_MEMKILL[3997488]: [QD_smaps_pid:3887868:python] VmFlags: rd wr mr mw me ac sd [QD_smaps_pid:3887868:python] 14705eff8000-14705effb000 r--p 00000000 00:48 24343345 /etc/ecmwf/nfs/dh2_10_perm_b/ecme4047/conda/envs/xesmf_env/lib/python3.14/site-packages/scipy/interpolate/_rbfinterp_pythran.cpython-314-x86_64-linux-gnu.so
EC_MEMKILL[3997488]: [QD_smaps_pid:3887868:python] VmFlags: rd mr mw me sd [QD_smaps_pid:3887868:python] 14705effb000-14705f022000 r-xp 00003000 00:48 24343345 /etc/ecmwf/nfs/dh2_10_perm_b/ecme4047/conda/envs/xesmf_env/lib/python3.14/site-packages/scipy/interpolate/_rbfinterp_pythran.cpython-314-x86_64-linux-gnu.so
EC_MEMKILL[3997488]: [QD_smaps_pid:3887868:python] VmFlags: rd ex mr mw me sd [QD_smaps_pid:3887868:python] 14705f022000-14705f027000 r--p 0002a000 00:48 24343345 /etc/ecmwf/nfs/dh2_10_perm_b/ecme4047/conda/envs/xesmf_env/lib/python3.14/site-packages/scipy/interpolate/_rbfinterp_pythran.cpython-314-x86_64-linux-gnu.so
EC_MEMKILL[3997488]: [QD_smaps_pid:3887868:python] VmFlags: rd mr mw me sd [QD_smaps_pid:3887868:python] 14705f027000-14705f028000 r--p 0002e000 00:48 24343345 /etc/ecmwf/nfs/dh2_10_perm_b/ecme4047/conda/envs/xesmf_env/lib/python3.14/site-packages/scipy/interpolate/_rbfinterp_pythran.cpython-314-x86_64-linux-gnu.so
EC_MEMKILL[3997488]: [QD_smaps_pid:3887868:python] VmFlags: rd mr mw me ac sd [QD_smaps_pid:3887868:python] 14705f028000-14705f029000 rw-p 0002f000 00:48 24343345 /etc/ecmwf/nfs/dh2_10_perm_b/ecme4047/conda/envs/xesmf_env/lib/python3.14/site-packages/scipy/interpolate/_rbfinterp_pythran.cpython-314-x86_64-linux-gnu.so
EC_MEMKILL[3997488]: [QD_smaps_pid:3887868:python] VmFlags: rd wr mr mw me ac sd [QD_smaps_pid:3887868:python] 14705f029000-14705f02e000 r--p 00000000 00:48 24342080 /etc/ecmwf/nfs/dh2_10_perm_b/ecme4047/conda/envs/xesmf_env/lib/python3.14/site-packages/scipy/interpolate/_interpnd.cpython-314-x86_64-linux-gnu.so
EC_MEMKILL[3997488]: [QD_smaps_pid:3887868:python] VmFlags: rd mr mw me sd [QD_smaps_pid:3887868:python] 14705f02e000-14705f056000 r-xp 00005000 00:48 24342080 /etc/ecmwf/nfs/dh2_10_perm_b/ecme4047/conda/envs/xesmf_env/lib/python3.14/site-packages/scipy/interpolate/_interpnd.cpython-314-x86_64-linux-gnu.so
EC_MEMKILL[3997488]: [QD_smaps_pid:3887868:python] VmFlags: rd ex mr mw me sd [QD_smaps_pid:3887868:python] 14705f056000-14705f05c000 r--p 0002d000 00:48 24342080 /etc/ecmwf/nfs/dh2_10_perm_b/ecme4047/conda/envs/xesmf_env/lib/python3.14/site-packages/scipy/interpolate/_interpnd.cpython-314-x86_64-linux-gnu.so
EC_MEMKILL[3997488]: [QD_smaps_pid:3887868:python] VmFlags: rd mr mw me sd [QD_smaps_pid:3887868:python] 14705f05c000-14705f05d000 r--p 00033000 00:48 24342080 /etc/ecmwf/nfs/dh2_10_perm_b/ecme4047/conda/envs/xesmf_env/lib/python3.14/site-packages/scipy/interpolate/_interpnd.cpython-314-x86_64-linux-gnu.so
EC_MEMKILL[3997488]: [QD_smaps_pid:3887868:python] VmFlags: rd mr mw me ac sd [QD_smaps_pid:3887868:python] 14705f05d000-14705f05e000 rw-p 00034000 00:48 24342080 /etc/ecmwf/nfs/dh2_10_perm_b/ecme4047/conda/envs/xesmf_env/lib/python3.14/site-packages/scipy/interpolate/_interpnd.cpython-314-x86_64-linux-gnu.so
EC_MEMKILL[3997488]: [QD_smaps_pid:3887868:python] VmFlags: rd wr mr mw me ac sd [QD_smaps_pid:3887868:python] 14705f05e000-14705f05f000 rw-p 00000000 00:00 0 [QD_smaps_pid:3887868:python] VmFlags: rd wr mr mw me ac sd [QD_smaps_pid:3887868:python] 14705f05f000-14705f064000 r--p 00000000 00:48 24342124 /etc/ecmwf/nfs/dh2_10_perm_b/ecme4047/conda/envs/xesmf_env/lib/python3.14/site-packages/scipy/interpolate/_ppoly.cpython-314-x86_64-linux-gnu.so
EC_MEMKILL[3997488]: [QD_smaps_pid:3887868:python] VmFlags: rd mr mw me sd [QD_smaps_pid:3887868:python] 14705f064000-14705f086000 r-xp 00005000 00:48 24342124 /etc/ecmwf/nfs/dh2_10_perm_b/ecme4047/conda/envs/xesmf_env/lib/python3.14/site-packages/scipy/interpolate/_ppoly.cpython-314-x86_64-linux-gnu.so
EC_MEMKILL[3997488]: [QD_smaps_pid:3887868:python] VmFlags: rd ex mr mw me sd [QD_smaps_pid:3887868:python] 14705f086000-14705f08c000 r--p 00027000 00:48 24342124 /etc/ecmwf/nfs/dh2_10_perm_b/ecme4047/conda/envs/xesmf_env/lib/python3.14/site-packages/scipy/interpolate/_ppoly.cpython-314-x86_64-linux-gnu.so
EC_MEMKILL[3997488]: [QD_smaps_pid:3887868:python] VmFlags: rd mr mw me sd [QD_smaps_pid:3887868:python] 14705f08c000-14705f08d000 r--p 0002d000 00:48 24342124 /etc/ecmwf/nfs/dh2_10_perm_b/ecme4047/conda/envs/xesmf_env/lib/python3.14/site-packages/scipy/interpolate/_ppoly.cpython-314-x86_64-linux-gnu.so
EC_MEMKILL[3997488]: [QD_smaps_pid:3887868:python] VmFlags: rd mr mw me ac sd [QD_smaps_pid:3887868:python] 14705f08d000-14705f08e000 rw-p 0002e000 00:48 24342124 /etc/ecmwf/nfs/dh2_10_perm_b/ecme4047/conda/envs/xesmf_env/lib/python3.14/site-packages/scipy/interpolate/_ppoly.cpython-314-x86_64-linux-gnu.so
EC_MEMKILL[3997488]: [QD_smaps_pid:3887868:python] VmFlags: rd wr mr mw me ac sd [QD_smaps_pid:3887868:python] 14705f08e000-14705f08f000 rw-p 00000000 00:00 0 [QD_smaps_pid:3887868:python] VmFlags: rd wr mr mw me ac sd [QD_smaps_pid:3887868:python] 14705f08f000-14705f091000 r--p 00000000 00:48 24342661 /etc/ecmwf/nfs/dh2_10_perm_b/ecme4047/conda/envs/xesmf_env/lib/python3.14/site-packages/scipy/interpolate/_dierckx.cpython-314-x86_64-linux-gnu.so
EC_MEMKILL[3997488]: [QD_smaps_pid:3887868:python] VmFlags: rd mr mw me sd [QD_smaps_pid:3887868:python] 14705f091000-14705f0a4000 r-xp 00002000 00:48 24342661 /etc/ecmwf/nfs/dh2_10_perm_b/ecme4047/conda/envs/xesmf_env/lib/python3.14/site-packages/scipy/interpolate/_dierckx.cpython-314-x86_64-linux-gnu.so
EC_MEMKILL[3997488]: [QD_smaps_pid:3887868:python] VmFlags: rd ex mr mw me sd [QD_smaps_pid:3887868:python] 14705f0a4000-14705f0a7000 r--p 00015000 00:48 24342661 /etc/ecmwf/nfs/dh2_10_perm_b/ecme4047/conda/envs/xesmf_env/lib/python3.14/site-packages/scipy/interpolate/_dierckx.cpython-314-x86_64-linux-gnu.so
EC_MEMKILL[3997488]: [QD_smaps_pid:3887868:python] VmFlags: rd mr mw me sd [QD_smaps_pid:3887868:python] 14705f0a7000-14705f0a8000 r--p 00017000 00:48 24342661 /etc/ecmwf/nfs/dh2_10_perm_b/ecme4047/conda/envs/xesmf_env/lib/python3.14/site-packages/scipy/interpolate/_dierckx.cpython-314-x86_64-linux-gnu.so
EC_MEMKILL[3997488]: [QD_smaps_pid:3887868:python] VmFlags: rd mr mw me ac sd [QD_smaps_pid:3887868:python] 14705f0a8000-14705f0ab000 rw-p 00018000 00:48 24342661 /etc/ecmwf/nfs/dh2_10_perm_b/ecme4047/conda/envs/xesmf_env/lib/python3.14/site-packages/scipy/interpolate/_dierckx.cpython-314-x86_64-linux-gnu.so
EC_MEMKILL[3997488]: [QD_smaps_pid:3887868:python] VmFlags: rd wr mr mw me ac sd [QD_smaps_pid:3887868:python] 14705f0ab000-14705f0ad000 r--p 00000000 00:48 24343059 /etc/ecmwf/nfs/dh2_10_perm_b/ecme4047/conda/envs/xesmf_env/lib/python3.14/site-packages/scipy/interpolate/_fitpack.cpython-314-x86_64-linux-gnu.so
EC_MEMKILL[3997488]: [QD_smaps_pid:3887868:python] VmFlags: rd mr mw me sd [QD_smaps_pid:3887868:python] 14705f0ad000-14705f0e0000 r-xp 00002000 00:48 24343059 /etc/ecmwf/nfs/dh2_10_perm_b/ecme4047/conda/envs/xesmf_env/lib/python3.14/site-packages/scipy/interpolate/_fitpack.cpython-314-x86_64-linux-gnu.so
EC_MEMKILL[3997488]: [QD_smaps_pid:3887868:python] VmFlags: rd ex mr mw me sd [QD_smaps_pid:3887868:python] 14705f0e0000-14705f0e4000 r--p 00035000 00:48 24343059 /etc/ecmwf/nfs/dh2_10_perm_b/ecme4047/conda/envs/xesmf_env/lib/python3.14/site-packages/scipy/interpolate/_fitpack.cpython-314-x86_64-linux-gnu.so
EC_MEMKILL[3997488]: [QD_smaps_pid:3887868:python] VmFlags: rd mr mw me sd [QD_smaps_pid:3887868:python] 14705f0e4000-14705f0e5000 r--p 00038000 00:48 24343059 /etc/ecmwf/nfs/dh2_10_perm_b/ecme4047/conda/envs/xesmf_env/lib/python3.14/site-packages/scipy/interpolate/_fitpack.cpython-314-x86_64-linux-gnu.so
EC_MEMKILL[3997488]: [QD_smaps_pid:3887868:python] VmFlags: rd mr mw me ac sd [QD_smaps_pid:3887868:python] 14705f0e5000-14705f0e6000 rw-p 00039000 00:48 24343059 /etc/ecmwf/nfs/dh2_10_perm_b/ecme4047/conda/envs/xesmf_env/lib/python3.14/site-packages/scipy/interpolate/_fitpack.cpython-314-x86_64-linux-gnu.so
EC_MEMKILL[3997488]: [QD_smaps_pid:3887868:python] VmFlags: rd wr mr mw me ac sd [QD_smaps_pid:3887868:python] 14705f0e6000-14705f2e6000 rw-p 00000000 00:00 0 [QD_smaps_pid:3887868:python] Size: 2048 kB
EC_MEMKILL[3997488]: [QD_smaps_pid:3887868:python] Rss: 2016 kB
EC_MEMKILL[3997488]: [QD_smaps_pid:3887868:python] Pss: 2016 kB
EC_MEMKILL[3997488]: [QD_smaps_pid:3887868:python] Private_Dirty: 2016 kB
EC_MEMKILL[3997488]: [QD_smaps_pid:3887868:python] Referenced: 2016 kB
EC_MEMKILL[3997488]: [QD_smaps_pid:3887868:python] Anonymous: 2016 kB
EC_MEMKILL[3997488]: [QD_smaps_pid:3887868:python] VmFlags: rd wr mr mw me ac sd [QD_smaps_pid:3887868:python] 14705f2e6000-14705f2e8000 r--p 00000000 00:48 24338738 /etc/ecmwf/nfs/dh2_10_perm_b/ecme4047/conda/envs/xesmf_env/lib/python3.14/site-packages/scipy/integrate/_dop.cpython-314-x86_64-linux-gnu.so
EC_MEMKILL[3997488]: [QD_smaps_pid:3887868:python] VmFlags: rd mr mw me sd [QD_smaps_pid:3887868:python] 14705f2e8000-14705f2f0000 r-xp 00002000 00:48 24338738 /etc/ecmwf/nfs/dh2_10_perm_b/ecme4047/conda/envs/xesmf_env/lib/python3.14/site-packages/scipy/integrate/_dop.cpython-314-x86_64-linux-gnu.so
EC_MEMKILL[3997488]: [QD_smaps_pid:3887868:python] VmFlags: rd ex mr mw me sd [QD_smaps_pid:3887868:python] 14705f2f0000-14705f2f1000 r--p 0000a000 00:48 24338738 /etc/ecmwf/nfs/dh2_10_perm_b/ecme4047/conda/envs/xesmf_env/lib/python3.14/site-packages/scipy/integrate/_dop.cpython-314-x86_64-linux-gnu.so
EC_MEMKILL[3997488]: [QD_smaps_pid:3887868:python] VmFlags: rd mr mw me sd [QD_smaps_pid:3887868:python] 14705f2f1000-14705f2f2000 r--p 0000b000 00:48 24338738 /etc/ecmwf/nfs/dh2_10_perm_b/ecme4047/conda/envs/xesmf_env/lib/python3.14/site-packages/scipy/integrate/_dop.cpython-314-x86_64-linux-gnu.so
EC_MEMKILL[3997488]: [QD_smaps_pid:3887868:python] VmFlags: rd mr mw me ac sd [QD_smaps_pid:3887868:python] 14705f2f2000-14705f2f3000 rw-p 0000c000 00:48 24338738 /etc/ecmwf/nfs/dh2_10_perm_b/ecme4047/conda/envs/xesmf_env/lib/python3.14/site-packages/scipy/integrate/_dop.cpython-314-x86_64-linux-gnu.so
EC_MEMKILL[3997488]: [QD_smaps_pid:3887868:python] VmFlags: rd wr mr mw me ac sd [QD_smaps_pid:3887868:python] 14705f2f3000-14705f2f5000 r--p 00000000 00:48 24343379 /etc/ecmwf/nfs/dh2_10_perm_b/ecme4047/conda/envs/xesmf_env/lib/python3.14/site-packages/scipy/integrate/_vode.cpython-314-x86_64-linux-gnu.so
EC_MEMKILL[3997488]: [QD_smaps_pid:3887868:python] VmFlags: rd mr mw me sd [QD_smaps_pid:3887868:python] 14705f2f5000-14705f308000 r-xp 00002000 00:48 24343379 /etc/ecmwf/nfs/dh2_10_perm_b/ecme4047/conda/envs/xesmf_env/lib/python3.14/site-packages/scipy/integrate/_vode.cpython-314-x86_64-linux-gnu.so
EC_MEMKILL[3997488]: [QD_smaps_pid:3887868:python] VmFlags: rd ex mr mw me sd [QD_smaps_pid:3887868:python] 14705f308000-14705f30a000 r--p 00015000 00:48 24343379 /etc/ecmwf/nfs/dh2_10_perm_b/ecme4047/conda/envs/xesmf_env/lib/python3.14/site-packages/scipy/integrate/_vode.cpython-314-x86_64-linux-gnu.so
EC_MEMKILL[3997488]: [QD_smaps_pid:3887868:python] VmFlags: rd mr mw me sd [QD_smaps_pid:3887868:python] 14705f30a000-14705f30b000 r--p 00016000 00:48 24343379 /etc/ecmwf/nfs/dh2_10_perm_b/ecme4047/conda/envs/xesmf_env/lib/python3.14/site-packages/scipy/integrate/_vode.cpython-314-x86_64-linux-gnu.so
EC_MEMKILL[3997488]: [QD_smaps_pid:3887868:python] VmFlags: rd mr mw me ac sd [QD_smaps_pid:3887868:python] 14705f30b000-14705f30c000 rw-p 00017000 00:48 24343379 /etc/ecmwf/nfs/dh2_10_perm_b/ecme4047/conda/envs/xesmf_env/lib/python3.14/site-packages/scipy/integrate/_vode.cpython-314-x86_64-linux-gnu.so
EC_MEMKILL[3997488]: [QD_smaps_pid:3887868:python] VmFlags: rd wr mr mw me ac sd [QD_smaps_pid:3887868:python] 14705f30c000-14705f30e000 r--p 00000000 00:48 24342547 /etc/ecmwf/nfs/dh2_10_perm_b/ecme4047/conda/envs/xesmf_env/lib/python3.14/site-packages/scipy/integrate/_quadpack.cpython-314-x86_64-linux-gnu.so
EC_MEMKILL[3997488]: [QD_smaps_pid:3887868:python] VmFlags: rd mr mw me sd [QD_smaps_pid:3887868:python] 14705f30e000-14705f31e000 r-xp 00002000 00:48 24342547 /etc/ecmwf/nfs/dh2_10_perm_b/ecme4047/conda/envs/xesmf_env/lib/python3.14/site-packages/scipy/integrate/_quadpack.cpython-314-x86_64-linux-gnu.so
EC_MEMKILL[3997488]: [QD_smaps_pid:3887868:python] VmFlags: rd ex mr mw me sd [QD_smaps_pid:3887868:python] 14705f31e000-14705f320000 r--p 00012000 00:48 24342547 /etc/ecmwf/nfs/dh2_10_perm_b/ecme4047/conda/envs/xesmf_env/lib/python3.14/site-packages/scipy/integrate/_quadpack.cpython-314-x86_64-linux-gnu.so
EC_MEMKILL[3997488]: [QD_smaps_pid:3887868:python] VmFlags: rd mr mw me sd [QD_smaps_pid:3887868:python] 14705f320000-14705f321000 r--p 00014000 00:48 24342547 /etc/ecmwf/nfs/dh2_10_perm_b/ecme4047/conda/envs/xesmf_env/lib/python3.14/site-packages/scipy/integrate/_quadpack.cpython-314-x86_64-linux-gnu.so
EC_MEMKILL[3997488]: [QD_smaps_pid:3887868:python] VmFlags: rd mr mw me ac sd [QD_smaps_pid:3887868:python] 14705f321000-14705f322000 rw-p 00015000 00:48 24342547 /etc/ecmwf/nfs/dh2_10_perm_b/ecme4047/conda/envs/xesmf_env/lib/python3.14/site-packages/scipy/integrate/_quadpack.cpython-314-x86_64-linux-gnu.so
EC_MEMKILL[3997488]: [QD_smaps_pid:3887868:python] VmFlags: rd wr mr mw me ac sd [QD_smaps_pid:3887868:python] 14705f322000-14705f324000 r--p 00000000 00:48 24337654 /etc/ecmwf/nfs/dh2_10_perm_b/ecme4047/conda/envs/xesmf_env/lib/python3.14/site-packages/scipy/integrate/_odepack.cpython-314-x86_64-linux-gnu.so
EC_MEMKILL[3997488]: [QD_smaps_pid:3887868:python] VmFlags: rd mr mw me sd [QD_smaps_pid:3887868:python] 14705f324000-14705f330000 r-xp 00002000 00:48 24337654 /etc/ecmwf/nfs/dh2_10_perm_b/ecme4047/conda/envs/xesmf_env/lib/python3.14/site-packages/scipy/integrate/_odepack.cpython-314-x86_64-linux-gnu.so
EC_MEMKILL[3997488]: [QD_smaps_pid:3887868:python] VmFlags: rd ex mr mw me sd [QD_smaps_pid:3887868:python] 14705f330000-14705f332000 r--p 0000e000 00:48 24337654 /etc/ecmwf/nfs/dh2_10_perm_b/ecme4047/conda/envs/xesmf_env/lib/python3.14/site-packages/scipy/integrate/_odepack.cpython-314-x86_64-linux-gnu.so
EC_MEMKILL[3997488]: [QD_smaps_pid:3887868:python] VmFlags: rd mr mw me sd [QD_smaps_pid:3887868:python] 14705f332000-14705f333000 r--p 0000f000 00:48 24337654 /etc/ecmwf/nfs/dh2_10_perm_b/ecme4047/conda/envs/xesmf_env/lib/python3.14/site-packages/scipy/integrate/_odepack.cpython-314-x86_64-linux-gnu.so
EC_MEMKILL[3997488]: [QD_smaps_pid:3887868:python] VmFlags: rd mr mw me ac sd [QD_smaps_pid:3887868:python] 14705f333000-14705f334000 rw-p 00010000 00:48 24337654 /etc/ecmwf/nfs/dh2_10_perm_b/ecme4047/conda/envs/xesmf_env/lib/python3.14/site-packages/scipy/integrate/_odepack.cpython-314-x86_64-linux-gnu.so
EC_MEMKILL[3997488]: [QD_smaps_pid:3887868:python] VmFlags: rd wr mr mw me ac sd [QD_smaps_pid:3887868:python] 14705f334000-14705f434000 rw-p 00000000 00:00 0 [QD_smaps_pid:3887868:python] Size: 1024 kB
EC_MEMKILL[3997488]: [QD_smaps_pid:3887868:python] Rss: 1024 kB
EC_MEMKILL[3997488]: [QD_smaps_pid:3887868:python] Pss: 1024 kB
EC_MEMKILL[3997488]: [QD_smaps_pid:3887868:python] Private_Dirty: 1024 kB
EC_MEMKILL[3997488]: [QD_smaps_pid:3887868:python] Referenced: 1024 kB
EC_MEMKILL[3997488]: [QD_smaps_pid:3887868:python] Anonymous: 1024 kB
EC_MEMKILL[3997488]: [QD_smaps_pid:3887868:python] VmFlags: rd wr mr mw me ac sd [QD_smaps_pid:3887868:python] 14705f434000-14705f436000 r--p 00000000 00:48 24340192 /etc/ecmwf/nfs/dh2_10_perm_b/ecme4047/conda/envs/xesmf_env/lib/python3.14/site-packages/scipy/optimize/_direct.cpython-314-x86_64-linux-gnu.so
EC_MEMKILL[3997488]: [QD_smaps_pid:3887868:python] VmFlags: rd mr mw me sd [QD_smaps_pid:3887868:python] 14705f436000-14705f43c000 r-xp 00002000 00:48 24340192 /etc/ecmwf/nfs/dh2_10_perm_b/ecme4047/conda/envs/xesmf_env/lib/python3.14/site-packages/scipy/optimize/_direct.cpython-314-x86_64-linux-gnu.so
EC_MEMKILL[3997488]: [QD_smaps_pid:3887868:python] VmFlags: rd ex mr mw me sd [QD_smaps_pid:3887868:python] 14705f43c000-14705f43e000 r--p 00008000 00:48 24340192 /etc/ecmwf/nfs/dh2_10_perm_b/ecme4047/conda/envs/xesmf_env/lib/python3.14/site-packages/scipy/optimize/_direct.cpython-314-x86_64-linux-gnu.so
EC_MEMKILL[3997488]: [QD_smaps_pid:3887868:python] VmFlags: rd mr mw me sd [QD_smaps_pid:3887868:python] 14705f43e000-14705f43f000 r--p 00009000 00:48 24340192 /etc/ecmwf/nfs/dh2_10_perm_b/ecme4047/conda/envs/xesmf_env/lib/python3.14/site-packages/scipy/optimize/_direct.cpython-314-x86_64-linux-gnu.so
EC_MEMKILL[3997488]: [QD_smaps_pid:3887868:python] VmFlags: rd mr mw me ac sd [QD_smaps_pid:3887868:python] 14705f43f000-14705f440000 rw-p 0000a000 00:48 24340192 /etc/ecmwf/nfs/dh2_10_perm_b/ecme4047/conda/envs/xesmf_env/lib/python3.14/site-packages/scipy/optimize/_direct.cpython-314-x86_64-linux-gnu.so
EC_MEMKILL[3997488]: [QD_smaps_pid:3887868:python] VmFlags: rd wr mr mw me ac sd [QD_smaps_pid:3887868:python] 14705f440000-14705f446000 r--p 00000000 00:48 24339886 /etc/ecmwf/nfs/dh2_10_perm_b/ecme4047/conda/envs/xesmf_env/lib/python3.14/site-packages/scipy/optimize/_pava_pybind.cpython-314-x86_64-linux-gnu.so
EC_MEMKILL[3997488]: [QD_smaps_pid:3887868:python] VmFlags: rd mr mw me sd [QD_smaps_pid:3887868:python] 14705f446000-14705f463000 r-xp 00006000 00:48 24339886 /etc/ecmwf/nfs/dh2_10_perm_b/ecme4047/conda/envs/xesmf_env/lib/python3.14/site-packages/scipy/optimize/_pava_pybind.cpython-314-x86_64-linux-gnu.so
EC_MEMKILL[3997488]: [QD_smaps_pid:3887868:python] VmFlags: rd ex mr mw me sd [QD_smaps_pid:3887868:python] 14705f463000-14705f46a000 r--p 00023000 00:48 24339886 /etc/ecmwf/nfs/dh2_10_perm_b/ecme4047/conda/envs/xesmf_env/lib/python3.14/site-packages/scipy/optimize/_pava_pybind.cpython-314-x86_64-linux-gnu.so
EC_MEMKILL[3997488]: [QD_smaps_pid:3887868:python] VmFlags: rd mr mw me sd [QD_smaps_pid:3887868:python] 14705f46a000-14705f46b000 r--p 0002a000 00:48 24339886 /etc/ecmwf/nfs/dh2_10_perm_b/ecme4047/conda/envs/xesmf_env/lib/python3.14/site-packages/scipy/optimize/_pava_pybind.cpython-314-x86_64-linux-gnu.so
EC_MEMKILL[3997488]: [QD_smaps_pid:3887868:python] VmFlags: rd mr mw me ac sd [QD_smaps_pid:3887868:python] 14705f46b000-14705f46c000 rw-p 0002b000 00:48 24339886 /etc/ecmwf/nfs/dh2_10_perm_b/ecme4047/conda/envs/xesmf_env/lib/python3.14/site-packages/scipy/optimize/_pava_pybind.cpython-314-x86_64-linux-gnu.so
EC_MEMKILL[3997488]: [QD_smaps_pid:3887868:python] VmFlags: rd wr mr mw me ac sd [QD_smaps_pid:3887868:python] 14705f46c000-14705f46d000 r--p 00000000 00:48 24340802 /etc/ecmwf/nfs/dh2_10_perm_b/ecme4047/conda/envs/xesmf_env/lib/python3.14/site-packages/scipy/optimize/_lsap.cpython-314-x86_64-linux-gnu.so
EC_MEMKILL[3997488]: [QD_smaps_pid:3887868:python] VmFlags: rd mr mw me sd [QD_smaps_pid:3887868:python] 14705f46d000-14705f470000 r-xp 00001000 00:48 24340802 /etc/ecmwf/nfs/dh2_10_perm_b/ecme4047/conda/envs/xesmf_env/lib/python3.14/site-packages/scipy/optimize/_lsap.cpython-314-x86_64-linux-gnu.so
EC_MEMKILL[3997488]: [QD_smaps_pid:3887868:python] VmFlags: rd ex mr mw me sd [QD_smaps_pid:3887868:python] 14705f470000-14705f471000 r--p 00004000 00:48 24340802 /etc/ecmwf/nfs/dh2_10_perm_b/ecme4047/conda/envs/xesmf_env/lib/python3.14/site-packages/scipy/optimize/_lsap.cpython-314-x86_64-linux-gnu.so
EC_MEMKILL[3997488]: [QD_smaps_pid:3887868:python] VmFlags: rd mr mw me sd [QD_smaps_pid:3887868:python] 14705f471000-14705f472000 r--p 00004000 00:48 24340802 /etc/ecmwf/nfs/dh2_10_perm_b/ecme4047/conda/envs/xesmf_env/lib/python3.14/site-packages/scipy/optimize/_lsap.cpython-314-x86_64-linux-gnu.so
EC_MEMKILL[3997488]: [QD_smaps_pid:3887868:python] VmFlags: rd mr mw me ac sd [QD_smaps_pid:3887868:python] 14705f472000-14705f473000 rw-p 00005000 00:48 24340802 /etc/ecmwf/nfs/dh2_10_perm_b/ecme4047/conda/envs/xesmf_env/lib/python3.14/site-packages/scipy/optimize/_lsap.cpython-314-x86_64-linux-gnu.so
EC_MEMKILL[3997488]: [QD_smaps_pid:3887868:python] VmFlags: rd wr mr mw me ac sd [QD_smaps_pid:3887868:python] 14705f473000-14705f478000 r--p 00000000 00:48 24338163 /etc/ecmwf/nfs/dh2_10_perm_b/ecme4047/conda/envs/xesmf_env/lib/python3.14/site-packages/scipy/optimize/_bglu_dense.cpython-314-x86_64-linux-gnu.so
EC_MEMKILL[3997488]: [QD_smaps_pid:3887868:python] VmFlags: rd mr mw me sd [QD_smaps_pid:3887868:python] 14705f478000-14705f492000 r-xp 00005000 00:48 24338163 /etc/ecmwf/nfs/dh2_10_perm_b/ecme4047/conda/envs/xesmf_env/lib/python3.14/site-packages/scipy/optimize/_bglu_dense.cpython-314-x86_64-linux-gnu.so
EC_MEMKILL[3997488]: [QD_smaps_pid:3887868:python] VmFlags: rd ex mr mw me sd [QD_smaps_pid:3887868:python] 14705f492000-14705f498000 r--p 0001f000 00:48 24338163 /etc/ecmwf/nfs/dh2_10_perm_b/ecme4047/conda/envs/xesmf_env/lib/python3.14/site-packages/scipy/optimize/_bglu_dense.cpython-314-x86_64-linux-gnu.so
EC_MEMKILL[3997488]: [QD_smaps_pid:3887868:python] VmFlags: rd mr mw me sd [QD_smaps_pid:3887868:python] 14705f498000-14705f499000 r--p 00024000 00:48 24338163 /etc/ecmwf/nfs/dh2_10_perm_b/ecme4047/conda/envs/xesmf_env/lib/python3.14/site-packages/scipy/optimize/_bglu_dense.cpython-314-x86_64-linux-gnu.so
EC_MEMKILL[3997488]: [QD_smaps_pid:3887868:python] VmFlags: rd mr mw me ac sd [QD_smaps_pid:3887868:python] 14705f499000-14705f49b000 rw-p 00025000 00:48 24338163 /etc/ecmwf/nfs/dh2_10_perm_b/ecme4047/conda/envs/xesmf_env/lib/python3.14/site-packages/scipy/optimize/_bglu_dense.cpython-314-x86_64-linux-gnu.so
EC_MEMKILL[3997488]: [QD_smaps_pid:3887868:python] VmFlags: rd wr mr mw me ac sd [QD_smaps_pid:3887868:python] 14705f49b000-14705f4a0000 r--p 00000000 00:48 24340924 /etc/ecmwf/nfs/dh2_10_perm_b/ecme4047/conda/envs/xesmf_env/lib/python3.14/site-packages/scipy/linalg/_decomp_interpolative.cpython-314-x86_64-linux-gnu.so
EC_MEMKILL[3997488]: [QD_smaps_pid:3887868:python] VmFlags: rd mr mw me sd [QD_smaps_pid:3887868:python] 14705f4a0000-14705f538000 r-xp 00005000 00:48 24340924 /etc/ecmwf/nfs/dh2_10_perm_b/ecme4047/conda/envs/xesmf_env/lib/python3.14/site-packages/scipy/linalg/_decomp_interpolative.cpython-314-x86_64-linux-gnu.so
EC_MEMKILL[3997488]: [QD_smaps_pid:3887868:python] VmFlags: rd ex mr mw me sd [QD_smaps_pid:3887868:python] 14705f538000-14705f541000 r--p 0009d000 00:48 24340924 /etc/ecmwf/nfs/dh2_10_perm_b/ecme4047/conda/envs/xesmf_env/lib/python3.14/site-packages/scipy/linalg/_decomp_interpolative.cpython-314-x86_64-linux-gnu.so
EC_MEMKILL[3997488]: [QD_smaps_pid:3887868:python] VmFlags: rd mr mw me sd [QD_smaps_pid:3887868:python] 14705f541000-14705f542000 r--p 000a6000 00:48 24340924 /etc/ecmwf/nfs/dh2_10_perm_b/ecme4047/conda/envs/xesmf_env/lib/python3.14/site-packages/scipy/linalg/_decomp_interpolative.cpython-314-x86_64-linux-gnu.so
EC_MEMKILL[3997488]: [QD_smaps_pid:3887868:python] VmFlags: rd mr mw me ac sd [QD_smaps_pid:3887868:python] 14705f542000-14705f543000 rw-p 000a7000 00:48 24340924 /etc/ecmwf/nfs/dh2_10_perm_b/ecme4047/conda/envs/xesmf_env/lib/python3.14/site-packages/scipy/linalg/_decomp_interpolative.cpython-314-x86_64-linux-gnu.so
EC_MEMKILL[3997488]: [QD_smaps_pid:3887868:python] VmFlags: rd wr mr mw me ac sd [QD_smaps_pid:3887868:python] 14705f543000-14705f544000 rw-p 00000000 00:00 0 [QD_smaps_pid:3887868:python] VmFlags: rd wr mr mw me ac sd [QD_smaps_pid:3887868:python] 14705f544000-14705f54b000 r--p 00000000 00:48 24340417 /etc/ecmwf/nfs/dh2_10_perm_b/ecme4047/conda/envs/xesmf_env/lib/python3.14/site-packages/scipy/optimize/_highspy/_highs_options.cpython-314-x86_64-linux-gnu.so
EC_MEMKILL[3997488]: [QD_smaps_pid:3887868:python] VmFlags: rd mr mw me sd [QD_smaps_pid:3887868:python] 14705f54b000-14705f581000 r-xp 00007000 00:48 24340417 /etc/ecmwf/nfs/dh2_10_perm_b/ecme4047/conda/envs/xesmf_env/lib/python3.14/site-packages/scipy/optimize/_highspy/_highs_options.cpython-314-x86_64-linux-gnu.so
EC_MEMKILL[3997488]: [QD_smaps_pid:3887868:python] VmFlags: rd ex mr mw me sd [QD_smaps_pid:3887868:python] 14705f581000-14705f590000 r--p 0003d000 00:48 24340417 /etc/ecmwf/nfs/dh2_10_perm_b/ecme4047/conda/envs/xesmf_env/lib/python3.14/site-packages/scipy/optimize/_highspy/_highs_options.cpython-314-x86_64-linux-gnu.so
EC_MEMKILL[3997488]: [QD_smaps_pid:3887868:python] VmFlags: rd mr mw me sd [QD_smaps_pid:3887868:python] 14705f590000-14705f591000 r--p 0004c000 00:48 24340417 /etc/ecmwf/nfs/dh2_10_perm_b/ecme4047/conda/envs/xesmf_env/lib/python3.14/site-packages/scipy/optimize/_highspy/_highs_options.cpython-314-x86_64-linux-gnu.so
EC_MEMKILL[3997488]: [QD_smaps_pid:3887868:python] VmFlags: rd mr mw me ac sd [QD_smaps_pid:3887868:python] 14705f591000-14705f592000 rw-p 0004d000 00:48 24340417 /etc/ecmwf/nfs/dh2_10_perm_b/ecme4047/conda/envs/xesmf_env/lib/python3.14/site-packages/scipy/optimize/_highspy/_highs_options.cpython-314-x86_64-linux-gnu.so
EC_MEMKILL[3997488]: [QD_smaps_pid:3887868:python] VmFlags: rd wr mr mw me ac sd [QD_smaps_pid:3887868:python] 14705f592000-14705f593000 rw-p 00000000 00:00 0 [QD_smaps_pid:3887868:python] VmFlags: rd wr mr mw me ac sd [QD_smaps_pid:3887868:python] 14705f593000-14705f5a7000 r--p 00000000 00:48 24344839 /etc/ecmwf/nfs/dh2_10_perm_b/ecme4047/conda/envs/xesmf_env/lib/python3.14/site-packages/scipy/optimize/_highspy/_core.cpython-314-x86_64-linux-gnu.so
EC_MEMKILL[3997488]: [QD_smaps_pid:3887868:python] VmFlags: rd mr mw me sd [QD_smaps_pid:3887868:python] 14705f5a7000-14705f996000 r-xp 00014000 00:48 24344839 /etc/ecmwf/nfs/dh2_10_perm_b/ecme4047/conda/envs/xesmf_env/lib/python3.14/site-packages/scipy/optimize/_highspy/_core.cpython-314-x86_64-linux-gnu.so
EC_MEMKILL[3997488]: [QD_smaps_pid:3887868:python] Size: 4028 kB
EC_MEMKILL[3997488]: [QD_smaps_pid:3887868:python] Rss: 1672 kB
EC_MEMKILL[3997488]: [QD_smaps_pid:3887868:python] Pss: 1672 kB
EC_MEMKILL[3997488]: [QD_smaps_pid:3887868:python] Private_Clean: 1672 kB
EC_MEMKILL[3997488]: [QD_smaps_pid:3887868:python] Referenced: 1672 kB
EC_MEMKILL[3997488]: [QD_smaps_pid:3887868:python] VmFlags: rd ex mr mw me sd [QD_smaps_pid:3887868:python] 14705f996000-14705fa59000 r--p 00403000 00:48 24344839 /etc/ecmwf/nfs/dh2_10_perm_b/ecme4047/conda/envs/xesmf_env/lib/python3.14/site-packages/scipy/optimize/_highspy/_core.cpython-314-x86_64-linux-gnu.so
EC_MEMKILL[3997488]: [QD_smaps_pid:3887868:python] VmFlags: rd mr mw me sd [QD_smaps_pid:3887868:python] 14705fa59000-14705fa5f000 r--p 004c5000 00:48 24344839 /etc/ecmwf/nfs/dh2_10_perm_b/ecme4047/conda/envs/xesmf_env/lib/python3.14/site-packages/scipy/optimize/_highspy/_core.cpython-314-x86_64-linux-gnu.so
EC_MEMKILL[3997488]: [QD_smaps_pid:3887868:python] VmFlags: rd mr mw me ac sd [QD_smaps_pid:3887868:python] 14705fa5f000-14705fa60000 rw-p 004cb000 00:48 24344839 /etc/ecmwf/nfs/dh2_10_perm_b/ecme4047/conda/envs/xesmf_env/lib/python3.14/site-packages/scipy/optimize/_highspy/_core.cpython-314-x86_64-linux-gnu.so
EC_MEMKILL[3997488]: [QD_smaps_pid:3887868:python] VmFlags: rd wr mr mw me ac sd [QD_smaps_pid:3887868:python] 14705fa60000-14705fa82000 rw-p 00000000 00:00 0 [QD_smaps_pid:3887868:python] VmFlags: rd wr mr mw me ac sd [QD_smaps_pid:3887868:python] 14705fa82000-14705fa83000 r--p 00000000 00:48 24339177 /etc/ecmwf/nfs/dh2_10_perm_b/ecme4047/conda/envs/xesmf_env/lib/python3.14/site-packages/scipy/optimize/_zeros.cpython-314-x86_64-linux-gnu.so
EC_MEMKILL[3997488]: [QD_smaps_pid:3887868:python] VmFlags: rd mr mw me sd [QD_smaps_pid:3887868:python] 14705fa83000-14705fa85000 r-xp 00001000 00:48 24339177 /etc/ecmwf/nfs/dh2_10_perm_b/ecme4047/conda/envs/xesmf_env/lib/python3.14/site-packages/scipy/optimize/_zeros.cpython-314-x86_64-linux-gnu.so
EC_MEMKILL[3997488]: [QD_smaps_pid:3887868:python] VmFlags: rd ex mr mw me sd [QD_smaps_pid:3887868:python] 14705fa85000-14705fa86000 r--p 00003000 00:48 24339177 /etc/ecmwf/nfs/dh2_10_perm_b/ecme4047/conda/envs/xesmf_env/lib/python3.14/site-packages/scipy/optimize/_zeros.cpython-314-x86_64-linux-gnu.so
EC_MEMKILL[3997488]: [QD_smaps_pid:3887868:python] VmFlags: rd mr mw me sd [QD_smaps_pid:3887868:python] 14705fa86000-14705fa87000 r--p 00003000 00:48 24339177 /etc/ecmwf/nfs/dh2_10_perm_b/ecme4047/conda/envs/xesmf_env/lib/python3.14/site-packages/scipy/optimize/_zeros.cpython-314-x86_64-linux-gnu.so
EC_MEMKILL[3997488]: [QD_smaps_pid:3887868:python] VmFlags: rd mr mw me ac sd [QD_smaps_pid:3887868:python] 14705fa87000-14705fa88000 rw-p 00004000 00:48 24339177 /etc/ecmwf/nfs/dh2_10_perm_b/ecme4047/conda/envs/xesmf_env/lib/python3.14/site-packages/scipy/optimize/_zeros.cpython-314-x86_64-linux-gnu.so
EC_MEMKILL[3997488]: [QD_smaps_pid:3887868:python] VmFlags: rd wr mr mw me ac sd [QD_smaps_pid:3887868:python] 14705fa88000-14705fb88000 rw-p 00000000 00:00 0 [QD_smaps_pid:3887868:python] Size: 1024 kB
EC_MEMKILL[3997488]: [QD_smaps_pid:3887868:python] Rss: 1024 kB
EC_MEMKILL[3997488]: [QD_smaps_pid:3887868:python] Pss: 1024 kB
EC_MEMKILL[3997488]: [QD_smaps_pid:3887868:python] Private_Dirty: 1024 kB
EC_MEMKILL[3997488]: [QD_smaps_pid:3887868:python] Referenced: 1024 kB
EC_MEMKILL[3997488]: [QD_smaps_pid:3887868:python] Anonymous: 1024 kB
EC_MEMKILL[3997488]: [QD_smaps_pid:3887868:python] VmFlags: rd wr mr mw me ac sd [QD_smaps_pid:3887868:python] 14705fb88000-14705fb8b000 r--p 00000000 00:48 24343828 /etc/ecmwf/nfs/dh2_10_perm_b/ecme4047/conda/envs/xesmf_env/lib/python3.14/site-packages/scipy/optimize/_lsq/givens_elimination.cpython-314-x86_64-linux-gnu.so
EC_MEMKILL[3997488]: [QD_smaps_pid:3887868:python] VmFlags: rd mr mw me sd [QD_smaps_pid:3887868:python] 14705fb8b000-14705fb90000 r-xp 00003000 00:48 24343828 /etc/ecmwf/nfs/dh2_10_perm_b/ecme4047/conda/envs/xesmf_env/lib/python3.14/site-packages/scipy/optimize/_lsq/givens_elimination.cpython-314-x86_64-linux-gnu.so
EC_MEMKILL[3997488]: [QD_smaps_pid:3887868:python] VmFlags: rd ex mr mw me sd [QD_smaps_pid:3887868:python] 14705fb90000-14705fb92000 r--p 00008000 00:48 24343828 /etc/ecmwf/nfs/dh2_10_perm_b/ecme4047/conda/envs/xesmf_env/lib/python3.14/site-packages/scipy/optimize/_lsq/givens_elimination.cpython-314-x86_64-linux-gnu.so
EC_MEMKILL[3997488]: [QD_smaps_pid:3887868:python] VmFlags: rd mr mw me sd [QD_smaps_pid:3887868:python] 14705fb92000-14705fb93000 r--p 0000a000 00:48 24343828 /etc/ecmwf/nfs/dh2_10_perm_b/ecme4047/conda/envs/xesmf_env/lib/python3.14/site-packages/scipy/optimize/_lsq/givens_elimination.cpython-314-x86_64-linux-gnu.so
EC_MEMKILL[3997488]: [QD_smaps_pid:3887868:python] VmFlags: rd mr mw me ac sd [QD_smaps_pid:3887868:python] 14705fb93000-14705fb94000 rw-p 0000b000 00:48 24343828 /etc/ecmwf/nfs/dh2_10_perm_b/ecme4047/conda/envs/xesmf_env/lib/python3.14/site-packages/scipy/optimize/_lsq/givens_elimination.cpython-314-x86_64-linux-gnu.so
EC_MEMKILL[3997488]: [QD_smaps_pid:3887868:python] VmFlags: rd wr mr mw me ac sd [QD_smaps_pid:3887868:python] 14705fb94000-14705fb96000 r--p 00000000 00:48 24339834 /etc/ecmwf/nfs/dh2_10_perm_b/ecme4047/conda/envs/xesmf_env/lib/python3.14/site-packages/scipy/optimize/_minpack.cpython-314-x86_64-linux-gnu.so
EC_MEMKILL[3997488]: [QD_smaps_pid:3887868:python] VmFlags: rd mr mw me sd [QD_smaps_pid:3887868:python] 14705fb96000-14705fba4000 r-xp 00002000 00:48 24339834 /etc/ecmwf/nfs/dh2_10_perm_b/ecme4047/conda/envs/xesmf_env/lib/python3.14/site-packages/scipy/optimize/_minpack.cpython-314-x86_64-linux-gnu.so
EC_MEMKILL[3997488]: [QD_smaps_pid:3887868:python] VmFlags: rd ex mr mw me sd [QD_smaps_pid:3887868:python] 14705fba4000-14705fba6000 r--p 00010000 00:48 24339834 /etc/ecmwf/nfs/dh2_10_perm_b/ecme4047/conda/envs/xesmf_env/lib/python3.14/site-packages/scipy/optimize/_minpack.cpython-314-x86_64-linux-gnu.so
EC_MEMKILL[3997488]: [QD_smaps_pid:3887868:python] VmFlags: rd mr mw me sd [QD_smaps_pid:3887868:python] 14705fba6000-14705fba7000 r--p 00011000 00:48 24339834 /etc/ecmwf/nfs/dh2_10_perm_b/ecme4047/conda/envs/xesmf_env/lib/python3.14/site-packages/scipy/optimize/_minpack.cpython-314-x86_64-linux-gnu.so
EC_MEMKILL[3997488]: [QD_smaps_pid:3887868:python] VmFlags: rd mr mw me ac sd [QD_smaps_pid:3887868:python] 14705fba7000-14705fba9000 rw-p 00012000 00:48 24339834 /etc/ecmwf/nfs/dh2_10_perm_b/ecme4047/conda/envs/xesmf_env/lib/python3.14/site-packages/scipy/optimize/_minpack.cpython-314-x86_64-linux-gnu.so
EC_MEMKILL[3997488]: [QD_smaps_pid:3887868:python] VmFlags: rd wr mr mw me ac sd [QD_smaps_pid:3887868:python] 14705fba9000-14705fbab000 r--p 00000000 00:48 24338933 /etc/ecmwf/nfs/dh2_10_perm_b/ecme4047/conda/envs/xesmf_env/lib/python3.14/site-packages/scipy/optimize/_slsqplib.cpython-314-x86_64-linux-gnu.so
EC_MEMKILL[3997488]: [QD_smaps_pid:3887868:python] VmFlags: rd mr mw me sd [QD_smaps_pid:3887868:python] 14705fbab000-14705fbb2000 r-xp 00002000 00:48 24338933 /etc/ecmwf/nfs/dh2_10_perm_b/ecme4047/conda/envs/xesmf_env/lib/python3.14/site-packages/scipy/optimize/_slsqplib.cpython-314-x86_64-linux-gnu.so
EC_MEMKILL[3997488]: [QD_smaps_pid:3887868:python] VmFlags: rd ex mr mw me sd [QD_smaps_pid:3887868:python] 14705fbb2000-14705fbb4000 r--p 00009000 00:48 24338933 /etc/ecmwf/nfs/dh2_10_perm_b/ecme4047/conda/envs/xesmf_env/lib/python3.14/site-packages/scipy/optimize/_slsqplib.cpython-314-x86_64-linux-gnu.so
EC_MEMKILL[3997488]: [QD_smaps_pid:3887868:python] VmFlags: rd mr mw me sd [QD_smaps_pid:3887868:python] 14705fbb4000-14705fbb5000 r--p 0000a000 00:48 24338933 /etc/ecmwf/nfs/dh2_10_perm_b/ecme4047/conda/envs/xesmf_env/lib/python3.14/site-packages/scipy/optimize/_slsqplib.cpython-314-x86_64-linux-gnu.so
EC_MEMKILL[3997488]: [QD_smaps_pid:3887868:python] VmFlags: rd mr mw me ac sd [QD_smaps_pid:3887868:python] 14705fbb5000-14705fbb6000 rw-p 0000b000 00:48 24338933 /etc/ecmwf/nfs/dh2_10_perm_b/ecme4047/conda/envs/xesmf_env/lib/python3.14/site-packages/scipy/optimize/_slsqplib.cpython-314-x86_64-linux-gnu.so
EC_MEMKILL[3997488]: [QD_smaps_pid:3887868:python] VmFlags: rd wr mr mw me ac sd [QD_smaps_pid:3887868:python] 14705fbb6000-14705fbba000 r--p 00000000 00:48 24342283 /etc/ecmwf/nfs/dh2_10_perm_b/ecme4047/conda/envs/xesmf_env/lib/python3.14/site-packages/scipy/optimize/_moduleTNC.cpython-314-x86_64-linux-gnu.so
EC_MEMKILL[3997488]: [QD_smaps_pid:3887868:python] VmFlags: rd mr mw me sd [QD_smaps_pid:3887868:python] 14705fbba000-14705fbcd000 r-xp 00004000 00:48 24342283 /etc/ecmwf/nfs/dh2_10_perm_b/ecme4047/conda/envs/xesmf_env/lib/python3.14/site-packages/scipy/optimize/_moduleTNC.cpython-314-x86_64-linux-gnu.so
EC_MEMKILL[3997488]: [QD_smaps_pid:3887868:python] VmFlags: rd ex mr mw me sd [QD_smaps_pid:3887868:python] 14705fbcd000-14705fbd1000 r--p 00017000 00:48 24342283 /etc/ecmwf/nfs/dh2_10_perm_b/ecme4047/conda/envs/xesmf_env/lib/python3.14/site-packages/scipy/optimize/_moduleTNC.cpython-314-x86_64-linux-gnu.so
EC_MEMKILL[3997488]: [QD_smaps_pid:3887868:python] VmFlags: rd mr mw me sd [QD_smaps_pid:3887868:python] 14705fbd1000-14705fbd2000 r--p 0001a000 00:48 24342283 /etc/ecmwf/nfs/dh2_10_perm_b/ecme4047/conda/envs/xesmf_env/lib/python3.14/site-packages/scipy/optimize/_moduleTNC.cpython-314-x86_64-linux-gnu.so
EC_MEMKILL[3997488]: [QD_smaps_pid:3887868:python] VmFlags: rd mr mw me ac sd [QD_smaps_pid:3887868:python] 14705fbd2000-14705fbd3000 rw-p 0001b000 00:48 24342283 /etc/ecmwf/nfs/dh2_10_perm_b/ecme4047/conda/envs/xesmf_env/lib/python3.14/site-packages/scipy/optimize/_moduleTNC.cpython-314-x86_64-linux-gnu.so
EC_MEMKILL[3997488]: [QD_smaps_pid:3887868:python] VmFlags: rd wr mr mw me ac sd [QD_smaps_pid:3887868:python] 14705fbd3000-14705fbd4000 r--p 00000000 00:48 24340475 /etc/ecmwf/nfs/dh2_10_perm_b/ecme4047/conda/envs/xesmf_env/lib/python3.14/site-packages/scipy/optimize/_lbfgsb.cpython-314-x86_64-linux-gnu.so
EC_MEMKILL[3997488]: [QD_smaps_pid:3887868:python] VmFlags: rd mr mw me sd [QD_smaps_pid:3887868:python] 14705fbd4000-14705fbdc000 r-xp 00001000 00:48 24340475 /etc/ecmwf/nfs/dh2_10_perm_b/ecme4047/conda/envs/xesmf_env/lib/python3.14/site-packages/scipy/optimize/_lbfgsb.cpython-314-x86_64-linux-gnu.so
EC_MEMKILL[3997488]: [QD_smaps_pid:3887868:python] VmFlags: rd ex mr mw me sd [QD_smaps_pid:3887868:python] 14705fbdc000-14705fbdd000 r--p 00009000 00:48 24340475 /etc/ecmwf/nfs/dh2_10_perm_b/ecme4047/conda/envs/xesmf_env/lib/python3.14/site-packages/scipy/optimize/_lbfgsb.cpython-314-x86_64-linux-gnu.so
EC_MEMKILL[3997488]: [QD_smaps_pid:3887868:python] VmFlags: rd mr mw me sd [QD_smaps_pid:3887868:python] 14705fbdd000-14705fbde000 r--p 00009000 00:48 24340475 /etc/ecmwf/nfs/dh2_10_perm_b/ecme4047/conda/envs/xesmf_env/lib/python3.14/site-packages/scipy/optimize/_lbfgsb.cpython-314-x86_64-linux-gnu.so
EC_MEMKILL[3997488]: [QD_smaps_pid:3887868:python] VmFlags: rd mr mw me ac sd [QD_smaps_pid:3887868:python] 14705fbde000-14705fbdf000 rw-p 0000a000 00:48 24340475 /etc/ecmwf/nfs/dh2_10_perm_b/ecme4047/conda/envs/xesmf_env/lib/python3.14/site-packages/scipy/optimize/_lbfgsb.cpython-314-x86_64-linux-gnu.so
EC_MEMKILL[3997488]: [QD_smaps_pid:3887868:python] VmFlags: rd wr mr mw me ac sd [QD_smaps_pid:3887868:python] 14705fbdf000-14705fbe4000 r--p 00000000 00:48 24340201 /etc/ecmwf/nfs/dh2_10_perm_b/ecme4047/conda/envs/xesmf_env/lib/python3.14/site-packages/scipy/optimize/_trlib/_trlib.cpython-314-x86_64-linux-gnu.so
EC_MEMKILL[3997488]: [QD_smaps_pid:3887868:python] VmFlags: rd mr mw me sd [QD_smaps_pid:3887868:python] 14705fbe4000-14705fc05000 r-xp 00005000 00:48 24340201 /etc/ecmwf/nfs/dh2_10_perm_b/ecme4047/conda/envs/xesmf_env/lib/python3.14/site-packages/scipy/optimize/_trlib/_trlib.cpython-314-x86_64-linux-gnu.so
EC_MEMKILL[3997488]: [QD_smaps_pid:3887868:python] VmFlags: rd ex mr mw me sd [QD_smaps_pid:3887868:python] 14705fc05000-14705fc0a000 r--p 00026000 00:48 24340201 /etc/ecmwf/nfs/dh2_10_perm_b/ecme4047/conda/envs/xesmf_env/lib/python3.14/site-packages/scipy/optimize/_trlib/_trlib.cpython-314-x86_64-linux-gnu.so
EC_MEMKILL[3997488]: [QD_smaps_pid:3887868:python] VmFlags: rd mr mw me sd [QD_smaps_pid:3887868:python] 14705fc0a000-14705fc0b000 r--p 0002b000 00:48 24340201 /etc/ecmwf/nfs/dh2_10_perm_b/ecme4047/conda/envs/xesmf_env/lib/python3.14/site-packages/scipy/optimize/_trlib/_trlib.cpython-314-x86_64-linux-gnu.so
EC_MEMKILL[3997488]: [QD_smaps_pid:3887868:python] VmFlags: rd mr mw me ac sd [QD_smaps_pid:3887868:python] 14705fc0b000-14705fc0c000 rw-p 0002c000 00:48 24340201 /etc/ecmwf/nfs/dh2_10_perm_b/ecme4047/conda/envs/xesmf_env/lib/python3.14/site-packages/scipy/optimize/_trlib/_trlib.cpython-314-x86_64-linux-gnu.so
EC_MEMKILL[3997488]: [QD_smaps_pid:3887868:python] VmFlags: rd wr mr mw me ac sd [QD_smaps_pid:3887868:python] 14705fc0c000-14705fc0f000 r--p 00000000 00:48 24342922 /etc/ecmwf/nfs/dh2_10_perm_b/ecme4047/conda/envs/xesmf_env/lib/python3.14/site-packages/scipy/optimize/_group_columns.cpython-314-x86_64-linux-gnu.so
EC_MEMKILL[3997488]: [QD_smaps_pid:3887868:python] VmFlags: rd mr mw me sd [QD_smaps_pid:3887868:python] 14705fc0f000-14705fc17000 r-xp 00003000 00:48 24342922 /etc/ecmwf/nfs/dh2_10_perm_b/ecme4047/conda/envs/xesmf_env/lib/python3.14/site-packages/scipy/optimize/_group_columns.cpython-314-x86_64-linux-gnu.so
EC_MEMKILL[3997488]: [QD_smaps_pid:3887868:python] VmFlags: rd ex mr mw me sd [QD_smaps_pid:3887868:python] 14705fc17000-14705fc19000 r--p 0000b000 00:48 24342922 /etc/ecmwf/nfs/dh2_10_perm_b/ecme4047/conda/envs/xesmf_env/lib/python3.14/site-packages/scipy/optimize/_group_columns.cpython-314-x86_64-linux-gnu.so
EC_MEMKILL[3997488]: [QD_smaps_pid:3887868:python] VmFlags: rd mr mw me sd [QD_smaps_pid:3887868:python] 14705fc19000-14705fc1a000 r--p 0000c000 00:48 24342922 /etc/ecmwf/nfs/dh2_10_perm_b/ecme4047/conda/envs/xesmf_env/lib/python3.14/site-packages/scipy/optimize/_group_columns.cpython-314-x86_64-linux-gnu.so
EC_MEMKILL[3997488]: [QD_smaps_pid:3887868:python] VmFlags: rd mr mw me ac sd [QD_smaps_pid:3887868:python] 14705fc1a000-14705fc1b000 rw-p 0000d000 00:48 24342922 /etc/ecmwf/nfs/dh2_10_perm_b/ecme4047/conda/envs/xesmf_env/lib/python3.14/site-packages/scipy/optimize/_group_columns.cpython-314-x86_64-linux-gnu.so
EC_MEMKILL[3997488]: [QD_smaps_pid:3887868:python] VmFlags: rd wr mr mw me ac sd [QD_smaps_pid:3887868:python] 14705fc1b000-14705fc1d000 r--p 00000000 00:48 24343219 /etc/ecmwf/nfs/dh2_10_perm_b/ecme4047/conda/envs/xesmf_env/lib/python3.14/site-packages/scipy/sparse/linalg/_propack.cpython-314-x86_64-linux-gnu.so
EC_MEMKILL[3997488]: [QD_smaps_pid:3887868:python] VmFlags: rd mr mw me sd [QD_smaps_pid:3887868:python] 14705fc1d000-14705fc36000 r-xp 00002000 00:48 24343219 /etc/ecmwf/nfs/dh2_10_perm_b/ecme4047/conda/envs/xesmf_env/lib/python3.14/site-packages/scipy/sparse/linalg/_propack.cpython-314-x86_64-linux-gnu.so
EC_MEMKILL[3997488]: [QD_smaps_pid:3887868:python] VmFlags: rd ex mr mw me sd [QD_smaps_pid:3887868:python] 14705fc36000-14705fc3a000 r--p 0001b000 00:48 24343219 /etc/ecmwf/nfs/dh2_10_perm_b/ecme4047/conda/envs/xesmf_env/lib/python3.14/site-packages/scipy/sparse/linalg/_propack.cpython-314-x86_64-linux-gnu.so
EC_MEMKILL[3997488]: [QD_smaps_pid:3887868:python] VmFlags: rd mr mw me sd [QD_smaps_pid:3887868:python] 14705fc3a000-14705fc3b000 r--p 0001f000 00:48 24343219 /etc/ecmwf/nfs/dh2_10_perm_b/ecme4047/conda/envs/xesmf_env/lib/python3.14/site-packages/scipy/sparse/linalg/_propack.cpython-314-x86_64-linux-gnu.so
EC_MEMKILL[3997488]: [QD_smaps_pid:3887868:python] VmFlags: rd mr mw me ac sd [QD_smaps_pid:3887868:python] 14705fc3b000-14705fc3c000 rw-p 00020000 00:48 24343219 /etc/ecmwf/nfs/dh2_10_perm_b/ecme4047/conda/envs/xesmf_env/lib/python3.14/site-packages/scipy/sparse/linalg/_propack.cpython-314-x86_64-linux-gnu.so
EC_MEMKILL[3997488]: [QD_smaps_pid:3887868:python] VmFlags: rd wr mr mw me ac sd [QD_smaps_pid:3887868:python] 14705fc3c000-14705fc3f000 r--p 00000000 00:48 24338390 /etc/ecmwf/nfs/dh2_10_perm_b/ecme4047/conda/envs/xesmf_env/lib/python3.14/site-packages/scipy/sparse/linalg/_eigen/arpack/_arpacklib.cpython-314-x86_64-linux-gnu.so
EC_MEMKILL[3997488]: [QD_smaps_pid:3887868:python] VmFlags: rd mr mw me sd [QD_smaps_pid:3887868:python] 14705fc3f000-14705fc66000 r-xp 00003000 00:48 24338390 /etc/ecmwf/nfs/dh2_10_perm_b/ecme4047/conda/envs/xesmf_env/lib/python3.14/site-packages/scipy/sparse/linalg/_eigen/arpack/_arpacklib.cpython-314-x86_64-linux-gnu.so
EC_MEMKILL[3997488]: [QD_smaps_pid:3887868:python] VmFlags: rd ex mr mw me sd [QD_smaps_pid:3887868:python] 14705fc66000-14705fc6b000 r--p 0002a000 00:48 24338390 /etc/ecmwf/nfs/dh2_10_perm_b/ecme4047/conda/envs/xesmf_env/lib/python3.14/site-packages/scipy/sparse/linalg/_eigen/arpack/_arpacklib.cpython-314-x86_64-linux-gnu.so
EC_MEMKILL[3997488]: [QD_smaps_pid:3887868:python] VmFlags: rd mr mw me sd [QD_smaps_pid:3887868:python] 14705fc6b000-14705fc6c000 r--p 0002e000 00:48 24338390 /etc/ecmwf/nfs/dh2_10_perm_b/ecme4047/conda/envs/xesmf_env/lib/python3.14/site-packages/scipy/sparse/linalg/_eigen/arpack/_arpacklib.cpython-314-x86_64-linux-gnu.so
EC_MEMKILL[3997488]: [QD_smaps_pid:3887868:python] VmFlags: rd mr mw me ac sd [QD_smaps_pid:3887868:python] 14705fc6c000-14705fc70000 rw-p 0002f000 00:48 24338390 /etc/ecmwf/nfs/dh2_10_perm_b/ecme4047/conda/envs/xesmf_env/lib/python3.14/site-packages/scipy/sparse/linalg/_eigen/arpack/_arpacklib.cpython-314-x86_64-linux-gnu.so
EC_MEMKILL[3997488]: [QD_smaps_pid:3887868:python] VmFlags: rd wr mr mw me ac sd [QD_smaps_pid:3887868:python] 14705fc70000-14705fc73000 r--p 00000000 00:48 24342446 /etc/ecmwf/nfs/dh2_10_perm_b/ecme4047/conda/envs/xesmf_env/lib/python3.14/site-packages/scipy/sparse/linalg/_dsolve/_superlu.cpython-314-x86_64-linux-gnu.so
EC_MEMKILL[3997488]: [QD_smaps_pid:3887868:python] VmFlags: rd mr mw me sd [QD_smaps_pid:3887868:python] 14705fc73000-14705fcb2000 r-xp 00003000 00:48 24342446 /etc/ecmwf/nfs/dh2_10_perm_b/ecme4047/conda/envs/xesmf_env/lib/python3.14/site-packages/scipy/sparse/linalg/_dsolve/_superlu.cpython-314-x86_64-linux-gnu.so
EC_MEMKILL[3997488]: [QD_smaps_pid:3887868:python] VmFlags: rd ex mr mw me sd [QD_smaps_pid:3887868:python] 14705fcb2000-14705fcbd000 r--p 00042000 00:48 24342446 /etc/ecmwf/nfs/dh2_10_perm_b/ecme4047/conda/envs/xesmf_env/lib/python3.14/site-packages/scipy/sparse/linalg/_dsolve/_superlu.cpython-314-x86_64-linux-gnu.so
EC_MEMKILL[3997488]: [QD_smaps_pid:3887868:python] VmFlags: rd mr mw me sd [QD_smaps_pid:3887868:python] 14705fcbd000-14705fcbe000 r--p 0004c000 00:48 24342446 /etc/ecmwf/nfs/dh2_10_perm_b/ecme4047/conda/envs/xesmf_env/lib/python3.14/site-packages/scipy/sparse/linalg/_dsolve/_superlu.cpython-314-x86_64-linux-gnu.so
EC_MEMKILL[3997488]: [QD_smaps_pid:3887868:python] VmFlags: rd mr mw me ac sd [QD_smaps_pid:3887868:python] 14705fcbe000-14705fcbf000 rw-p 0004d000 00:48 24342446 /etc/ecmwf/nfs/dh2_10_perm_b/ecme4047/conda/envs/xesmf_env/lib/python3.14/site-packages/scipy/sparse/linalg/_dsolve/_superlu.cpython-314-x86_64-linux-gnu.so
EC_MEMKILL[3997488]: [QD_smaps_pid:3887868:python] VmFlags: rd wr mr mw me ac sd [QD_smaps_pid:3887868:python] 14705fcbf000-14705fdbf000 rw-p 00000000 00:00 0 [QD_smaps_pid:3887868:python] Size: 1024 kB
EC_MEMKILL[3997488]: [QD_smaps_pid:3887868:python] Rss: 1008 kB
EC_MEMKILL[3997488]: [QD_smaps_pid:3887868:python] Pss: 1008 kB
EC_MEMKILL[3997488]: [QD_smaps_pid:3887868:python] Private_Dirty: 1008 kB
EC_MEMKILL[3997488]: [QD_smaps_pid:3887868:python] Referenced: 1008 kB
EC_MEMKILL[3997488]: [QD_smaps_pid:3887868:python] Anonymous: 1008 kB
EC_MEMKILL[3997488]: [QD_smaps_pid:3887868:python] VmFlags: rd wr mr mw me ac sd [QD_smaps_pid:3887868:python] 14705fdbf000-14705fdc4000 r--p 00000000 00:48 24343237 /etc/ecmwf/nfs/dh2_10_perm_b/ecme4047/conda/envs/xesmf_env/lib/python3.14/site-packages/scipy/spatial/transform/_rigid_transform_cy.cpython-314-x86_64-linux-gnu.so
EC_MEMKILL[3997488]: [QD_smaps_pid:3887868:python] VmFlags: rd mr mw me sd [QD_smaps_pid:3887868:python] 14705fdc4000-14705fdf0000 r-xp 00005000 00:48 24343237 /etc/ecmwf/nfs/dh2_10_perm_b/ecme4047/conda/envs/xesmf_env/lib/python3.14/site-packages/scipy/spatial/transform/_rigid_transform_cy.cpython-314-x86_64-linux-gnu.so
EC_MEMKILL[3997488]: [QD_smaps_pid:3887868:python] VmFlags: rd ex mr mw me sd [QD_smaps_pid:3887868:python] 14705fdf0000-14705fdf6000 r--p 00031000 00:48 24343237 /etc/ecmwf/nfs/dh2_10_perm_b/ecme4047/conda/envs/xesmf_env/lib/python3.14/site-packages/scipy/spatial/transform/_rigid_transform_cy.cpython-314-x86_64-linux-gnu.so
EC_MEMKILL[3997488]: [QD_smaps_pid:3887868:python] VmFlags: rd mr mw me sd [QD_smaps_pid:3887868:python] 14705fdf6000-14705fdf7000 r--p 00036000 00:48 24343237 /etc/ecmwf/nfs/dh2_10_perm_b/ecme4047/conda/envs/xesmf_env/lib/python3.14/site-packages/scipy/spatial/transform/_rigid_transform_cy.cpython-314-x86_64-linux-gnu.so
EC_MEMKILL[3997488]: [QD_smaps_pid:3887868:python] VmFlags: rd mr mw me ac sd [QD_smaps_pid:3887868:python] 14705fdf7000-14705fdf8000 rw-p 00037000 00:48 24343237 /etc/ecmwf/nfs/dh2_10_perm_b/ecme4047/conda/envs/xesmf_env/lib/python3.14/site-packages/scipy/spatial/transform/_rigid_transform_cy.cpython-314-x86_64-linux-gnu.so
EC_MEMKILL[3997488]: [QD_smaps_pid:3887868:python] VmFlags: rd wr mr mw me ac sd [QD_smaps_pid:3887868:python] 14705fdf8000-14705fef9000 rw-p 00000000 00:00 0 [QD_smaps_pid:3887868:python] Size: 1028 kB
EC_MEMKILL[3997488]: [QD_smaps_pid:3887868:python] Rss: 1012 kB
EC_MEMKILL[3997488]: [QD_smaps_pid:3887868:python] Pss: 1012 kB
EC_MEMKILL[3997488]: [QD_smaps_pid:3887868:python] Private_Dirty: 1012 kB
EC_MEMKILL[3997488]: [QD_smaps_pid:3887868:python] Referenced: 1012 kB
EC_MEMKILL[3997488]: [QD_smaps_pid:3887868:python] Anonymous: 1012 kB
EC_MEMKILL[3997488]: [QD_smaps_pid:3887868:python] VmFlags: rd wr mr mw me ac sd [QD_smaps_pid:3887868:python] 14705fef9000-14705feff000 r--p 00000000 00:48 24342316 /etc/ecmwf/nfs/dh2_10_perm_b/ecme4047/conda/envs/xesmf_env/lib/python3.14/site-packages/scipy/spatial/transform/_rotation_cy.cpython-314-x86_64-linux-gnu.so
EC_MEMKILL[3997488]: [QD_smaps_pid:3887868:python] VmFlags: rd mr mw me sd [QD_smaps_pid:3887868:python] 14705feff000-14705ff6f000 r-xp 00006000 00:48 24342316 /etc/ecmwf/nfs/dh2_10_perm_b/ecme4047/conda/envs/xesmf_env/lib/python3.14/site-packages/scipy/spatial/transform/_rotation_cy.cpython-314-x86_64-linux-gnu.so
EC_MEMKILL[3997488]: [QD_smaps_pid:3887868:python] VmFlags: rd ex mr mw me sd [QD_smaps_pid:3887868:python] 14705ff6f000-14705ff78000 r--p 00076000 00:48 24342316 /etc/ecmwf/nfs/dh2_10_perm_b/ecme4047/conda/envs/xesmf_env/lib/python3.14/site-packages/scipy/spatial/transform/_rotation_cy.cpython-314-x86_64-linux-gnu.so
EC_MEMKILL[3997488]: [QD_smaps_pid:3887868:python] VmFlags: rd mr mw me sd [QD_smaps_pid:3887868:python] 14705ff78000-14705ff79000 r--p 0007f000 00:48 24342316 /etc/ecmwf/nfs/dh2_10_perm_b/ecme4047/conda/envs/xesmf_env/lib/python3.14/site-packages/scipy/spatial/transform/_rotation_cy.cpython-314-x86_64-linux-gnu.so
EC_MEMKILL[3997488]: [QD_smaps_pid:3887868:python] VmFlags: rd mr mw me ac sd [QD_smaps_pid:3887868:python] 14705ff79000-14705ff7b000 rw-p 00080000 00:48 24342316 /etc/ecmwf/nfs/dh2_10_perm_b/ecme4047/conda/envs/xesmf_env/lib/python3.14/site-packages/scipy/spatial/transform/_rotation_cy.cpython-314-x86_64-linux-gnu.so
EC_MEMKILL[3997488]: [QD_smaps_pid:3887868:python] VmFlags: rd wr mr mw me ac sd [QD_smaps_pid:3887868:python] 14705ff7b000-14705ff7c000 rw-p 00000000 00:00 0 [QD_smaps_pid:3887868:python] VmFlags: rd wr mr mw me ac sd [QD_smaps_pid:3887868:python] 14705ff7c000-14705ff80000 r--p 00000000 00:48 24341680 /etc/ecmwf/nfs/dh2_10_perm_b/ecme4047/conda/envs/xesmf_env/lib/python3.14/site-packages/scipy/spatial/_voronoi.cpython-314-x86_64-linux-gnu.so
EC_MEMKILL[3997488]: [QD_smaps_pid:3887868:python] VmFlags: rd mr mw me sd [QD_smaps_pid:3887868:python] 14705ff80000-14705ff88000 r-xp 00004000 00:48 24341680 /etc/ecmwf/nfs/dh2_10_perm_b/ecme4047/conda/envs/xesmf_env/lib/python3.14/site-packages/scipy/spatial/_voronoi.cpython-314-x86_64-linux-gnu.so
EC_MEMKILL[3997488]: [QD_smaps_pid:3887868:python] VmFlags: rd ex mr mw me sd [QD_smaps_pid:3887868:python] 14705ff88000-14705ff8b000 r--p 0000c000 00:48 24341680 /etc/ecmwf/nfs/dh2_10_perm_b/ecme4047/conda/envs/xesmf_env/lib/python3.14/site-packages/scipy/spatial/_voronoi.cpython-314-x86_64-linux-gnu.so
EC_MEMKILL[3997488]: [QD_smaps_pid:3887868:python] VmFlags: rd mr mw me sd [QD_smaps_pid:3887868:python] 14705ff8b000-14705ff8c000 r--p 0000f000 00:48 24341680 /etc/ecmwf/nfs/dh2_10_perm_b/ecme4047/conda/envs/xesmf_env/lib/python3.14/site-packages/scipy/spatial/_voronoi.cpython-314-x86_64-linux-gnu.so
EC_MEMKILL[3997488]: [QD_smaps_pid:3887868:python] VmFlags: rd mr mw me ac sd [QD_smaps_pid:3887868:python] 14705ff8c000-14705ff8d000 rw-p 00010000 00:48 24341680 /etc/ecmwf/nfs/dh2_10_perm_b/ecme4047/conda/envs/xesmf_env/lib/python3.14/site-packages/scipy/spatial/_voronoi.cpython-314-x86_64-linux-gnu.so
EC_MEMKILL[3997488]: [QD_smaps_pid:3887868:python] VmFlags: rd wr mr mw me ac sd [QD_smaps_pid:3887868:python] 14705ff8d000-14705ff91000 r--p 00000000 00:48 24341806 /etc/ecmwf/nfs/dh2_10_perm_b/ecme4047/conda/envs/xesmf_env/lib/python3.14/site-packages/scipy/_lib/messagestream.cpython-314-x86_64-linux-gnu.so
EC_MEMKILL[3997488]: [QD_smaps_pid:3887868:python] VmFlags: rd mr mw me sd [QD_smaps_pid:3887868:python] 14705ff91000-14705ff98000 r-xp 00004000 00:48 24341806 /etc/ecmwf/nfs/dh2_10_perm_b/ecme4047/conda/envs/xesmf_env/lib/python3.14/site-packages/scipy/_lib/messagestream.cpython-314-x86_64-linux-gnu.so
EC_MEMKILL[3997488]: [QD_smaps_pid:3887868:python] VmFlags: rd ex mr mw me sd [QD_smaps_pid:3887868:python] 14705ff98000-14705ff9a000 r--p 0000b000 00:48 24341806 /etc/ecmwf/nfs/dh2_10_perm_b/ecme4047/conda/envs/xesmf_env/lib/python3.14/site-packages/scipy/_lib/messagestream.cpython-314-x86_64-linux-gnu.so
EC_MEMKILL[3997488]: [QD_smaps_pid:3887868:python] VmFlags: rd mr mw me sd [QD_smaps_pid:3887868:python] 14705ff9a000-14705ff9b000 r--p 0000d000 00:48 24341806 /etc/ecmwf/nfs/dh2_10_perm_b/ecme4047/conda/envs/xesmf_env/lib/python3.14/site-packages/scipy/_lib/messagestream.cpython-314-x86_64-linux-gnu.so
EC_MEMKILL[3997488]: [QD_smaps_pid:3887868:python] VmFlags: rd mr mw me ac sd [QD_smaps_pid:3887868:python] 14705ff9b000-14705ff9c000 rw-p 0000e000 00:48 24341806 /etc/ecmwf/nfs/dh2_10_perm_b/ecme4047/conda/envs/xesmf_env/lib/python3.14/site-packages/scipy/_lib/messagestream.cpython-314-x86_64-linux-gnu.so
EC_MEMKILL[3997488]: [QD_smaps_pid:3887868:python] VmFlags: rd wr mr mw me ac sd [QD_smaps_pid:3887868:python] 14705ff9c000-14705ffa3000 r--p 00000000 00:48 24341403 /etc/ecmwf/nfs/dh2_10_perm_b/ecme4047/conda/envs/xesmf_env/lib/python3.14/site-packages/scipy/spatial/_qhull.cpython-314-x86_64-linux-gnu.so
EC_MEMKILL[3997488]: [QD_smaps_pid:3887868:python] VmFlags: rd mr mw me sd [QD_smaps_pid:3887868:python] 14705ffa3000-147060035000 r-xp 00007000 00:48 24341403 /etc/ecmwf/nfs/dh2_10_perm_b/ecme4047/conda/envs/xesmf_env/lib/python3.14/site-packages/scipy/spatial/_qhull.cpython-314-x86_64-linux-gnu.so
EC_MEMKILL[3997488]: [QD_smaps_pid:3887868:python] VmFlags: rd ex mr mw me sd [QD_smaps_pid:3887868:python] 147060035000-147060064000 r--p 00099000 00:48 24341403 /etc/ecmwf/nfs/dh2_10_perm_b/ecme4047/conda/envs/xesmf_env/lib/python3.14/site-packages/scipy/spatial/_qhull.cpython-314-x86_64-linux-gnu.so
EC_MEMKILL[3997488]: [QD_smaps_pid:3887868:python] VmFlags: rd mr mw me sd [QD_smaps_pid:3887868:python] 147060064000-147060065000 r--p 000c7000 00:48 24341403 /etc/ecmwf/nfs/dh2_10_perm_b/ecme4047/conda/envs/xesmf_env/lib/python3.14/site-packages/scipy/spatial/_qhull.cpython-314-x86_64-linux-gnu.so
EC_MEMKILL[3997488]: [QD_smaps_pid:3887868:python] VmFlags: rd mr mw me ac sd [QD_smaps_pid:3887868:python] 147060065000-147060067000 rw-p 000c8000 00:48 24341403 /etc/ecmwf/nfs/dh2_10_perm_b/ecme4047/conda/envs/xesmf_env/lib/python3.14/site-packages/scipy/spatial/_qhull.cpython-314-x86_64-linux-gnu.so
EC_MEMKILL[3997488]: [QD_smaps_pid:3887868:python] VmFlags: rd wr mr mw me ac sd [QD_smaps_pid:3887868:python] 147060067000-147060068000 rw-p 00000000 00:00 0 [QD_smaps_pid:3887868:python] VmFlags: rd wr mr mw me ac sd [QD_smaps_pid:3887868:python] 147060068000-14706006a000 r--p 00000000 00:48 24339698 /etc/ecmwf/nfs/dh2_10_perm_b/ecme4047/conda/envs/xesmf_env/lib/python3.14/site-packages/scipy/spatial/_distance_wrap.cpython-314-x86_64-linux-gnu.so
EC_MEMKILL[3997488]: [QD_smaps_pid:3887868:python] VmFlags: rd mr mw me sd [QD_smaps_pid:3887868:python] 14706006a000-147060080000 r-xp 00002000 00:48 24339698 /etc/ecmwf/nfs/dh2_10_perm_b/ecme4047/conda/envs/xesmf_env/lib/python3.14/site-packages/scipy/spatial/_distance_wrap.cpython-314-x86_64-linux-gnu.so
EC_MEMKILL[3997488]: [QD_smaps_pid:3887868:python] VmFlags: rd ex mr mw me sd [QD_smaps_pid:3887868:python] 147060080000-147060082000 r--p 00018000 00:48 24339698 /etc/ecmwf/nfs/dh2_10_perm_b/ecme4047/conda/envs/xesmf_env/lib/python3.14/site-packages/scipy/spatial/_distance_wrap.cpython-314-x86_64-linux-gnu.so
EC_MEMKILL[3997488]: [QD_smaps_pid:3887868:python] VmFlags: rd mr mw me sd [QD_smaps_pid:3887868:python] 147060082000-147060083000 r--p 0001a000 00:48 24339698 /etc/ecmwf/nfs/dh2_10_perm_b/ecme4047/conda/envs/xesmf_env/lib/python3.14/site-packages/scipy/spatial/_distance_wrap.cpython-314-x86_64-linux-gnu.so
EC_MEMKILL[3997488]: [QD_smaps_pid:3887868:python] VmFlags: rd mr mw me ac sd [QD_smaps_pid:3887868:python] 147060083000-147060084000 rw-p 0001b000 00:48 24339698 /etc/ecmwf/nfs/dh2_10_perm_b/ecme4047/conda/envs/xesmf_env/lib/python3.14/site-packages/scipy/spatial/_distance_wrap.cpython-314-x86_64-linux-gnu.so
EC_MEMKILL[3997488]: [QD_smaps_pid:3887868:python] VmFlags: rd wr mr mw me ac sd [QD_smaps_pid:3887868:python] 147060084000-14706008b000 r--p 00000000 00:48 24338762 /etc/ecmwf/nfs/dh2_10_perm_b/ecme4047/conda/envs/xesmf_env/lib/python3.14/site-packages/scipy/spatial/_distance_pybind.cpython-314-x86_64-linux-gnu.so
EC_MEMKILL[3997488]: [QD_smaps_pid:3887868:python] VmFlags: rd mr mw me sd [QD_smaps_pid:3887868:python] 14706008b000-1470600ec000 r-xp 00007000 00:48 24338762 /etc/ecmwf/nfs/dh2_10_perm_b/ecme4047/conda/envs/xesmf_env/lib/python3.14/site-packages/scipy/spatial/_distance_pybind.cpython-314-x86_64-linux-gnu.so
EC_MEMKILL[3997488]: [QD_smaps_pid:3887868:python] VmFlags: rd ex mr mw me sd [QD_smaps_pid:3887868:python] 1470600ec000-1470600fa000 r--p 00068000 00:48 24338762 /etc/ecmwf/nfs/dh2_10_perm_b/ecme4047/conda/envs/xesmf_env/lib/python3.14/site-packages/scipy/spatial/_distance_pybind.cpython-314-x86_64-linux-gnu.so
EC_MEMKILL[3997488]: [QD_smaps_pid:3887868:python] VmFlags: rd mr mw me sd [QD_smaps_pid:3887868:python] 1470600fa000-1470600fb000 r--p 00076000 00:48 24338762 /etc/ecmwf/nfs/dh2_10_perm_b/ecme4047/conda/envs/xesmf_env/lib/python3.14/site-packages/scipy/spatial/_distance_pybind.cpython-314-x86_64-linux-gnu.so
EC_MEMKILL[3997488]: [QD_smaps_pid:3887868:python] VmFlags: rd mr mw me ac sd [QD_smaps_pid:3887868:python] 1470600fb000-1470600fc000 rw-p 00077000 00:48 24338762 /etc/ecmwf/nfs/dh2_10_perm_b/ecme4047/conda/envs/xesmf_env/lib/python3.14/site-packages/scipy/spatial/_distance_pybind.cpython-314-x86_64-linux-gnu.so
EC_MEMKILL[3997488]: [QD_smaps_pid:3887868:python] VmFlags: rd wr mr mw me ac sd [QD_smaps_pid:3887868:python] 1470600fc000-147060100000 r--p 00000000 00:48 24341221 /etc/ecmwf/nfs/dh2_10_perm_b/ecme4047/conda/envs/xesmf_env/lib/python3.14/site-packages/scipy/spatial/_hausdorff.cpython-314-x86_64-linux-gnu.so
EC_MEMKILL[3997488]: [QD_smaps_pid:3887868:python] VmFlags: rd mr mw me sd [QD_smaps_pid:3887868:python] 147060100000-14706010a000 r-xp 00004000 00:48 24341221 /etc/ecmwf/nfs/dh2_10_perm_b/ecme4047/conda/envs/xesmf_env/lib/python3.14/site-packages/scipy/spatial/_hausdorff.cpython-314-x86_64-linux-gnu.so
EC_MEMKILL[3997488]: [QD_smaps_pid:3887868:python] VmFlags: rd ex mr mw me sd [QD_smaps_pid:3887868:python] 14706010a000-14706010d000 r--p 0000e000 00:48 24341221 /etc/ecmwf/nfs/dh2_10_perm_b/ecme4047/conda/envs/xesmf_env/lib/python3.14/site-packages/scipy/spatial/_hausdorff.cpython-314-x86_64-linux-gnu.so
EC_MEMKILL[3997488]: [QD_smaps_pid:3887868:python] VmFlags: rd mr mw me sd [QD_smaps_pid:3887868:python] 14706010d000-14706010e000 r--p 00011000 00:48 24341221 /etc/ecmwf/nfs/dh2_10_perm_b/ecme4047/conda/envs/xesmf_env/lib/python3.14/site-packages/scipy/spatial/_hausdorff.cpython-314-x86_64-linux-gnu.so
EC_MEMKILL[3997488]: [QD_smaps_pid:3887868:python] VmFlags: rd mr mw me ac sd [QD_smaps_pid:3887868:python] 14706010e000-14706010f000 rw-p 00012000 00:48 24341221 /etc/ecmwf/nfs/dh2_10_perm_b/ecme4047/conda/envs/xesmf_env/lib/python3.14/site-packages/scipy/spatial/_hausdorff.cpython-314-x86_64-linux-gnu.so
EC_MEMKILL[3997488]: [QD_smaps_pid:3887868:python] VmFlags: rd wr mr mw me ac sd [QD_smaps_pid:3887868:python] 14706010f000-147060117000 r--p 00000000 00:48 24343351 /etc/ecmwf/nfs/dh2_10_perm_b/ecme4047/conda/envs/xesmf_env/lib/python3.14/site-packages/scipy/spatial/_ckdtree.cpython-314-x86_64-linux-gnu.so
EC_MEMKILL[3997488]: [QD_smaps_pid:3887868:python] VmFlags: rd mr mw me sd [QD_smaps_pid:3887868:python] 147060117000-147060194000 r-xp 00008000 00:48 24343351 /etc/ecmwf/nfs/dh2_10_perm_b/ecme4047/conda/envs/xesmf_env/lib/python3.14/site-packages/scipy/spatial/_ckdtree.cpython-314-x86_64-linux-gnu.so
EC_MEMKILL[3997488]: [QD_smaps_pid:3887868:python] VmFlags: rd ex mr mw me sd [QD_smaps_pid:3887868:python] 147060194000-1470601a9000 r--p 00085000 00:48 24343351 /etc/ecmwf/nfs/dh2_10_perm_b/ecme4047/conda/envs/xesmf_env/lib/python3.14/site-packages/scipy/spatial/_ckdtree.cpython-314-x86_64-linux-gnu.so
EC_MEMKILL[3997488]: [QD_smaps_pid:3887868:python] VmFlags: rd mr mw me sd [QD_smaps_pid:3887868:python] 1470601a9000-1470601aa000 r--p 0009a000 00:48 24343351 /etc/ecmwf/nfs/dh2_10_perm_b/ecme4047/conda/envs/xesmf_env/lib/python3.14/site-packages/scipy/spatial/_ckdtree.cpython-314-x86_64-linux-gnu.so
EC_MEMKILL[3997488]: [QD_smaps_pid:3887868:python] VmFlags: rd mr mw me ac sd [QD_smaps_pid:3887868:python] 1470601aa000-1470601ac000 rw-p 0009b000 00:48 24343351 /etc/ecmwf/nfs/dh2_10_perm_b/ecme4047/conda/envs/xesmf_env/lib/python3.14/site-packages/scipy/spatial/_ckdtree.cpython-314-x86_64-linux-gnu.so
EC_MEMKILL[3997488]: [QD_smaps_pid:3887868:python] VmFlags: rd wr mr mw me ac sd [QD_smaps_pid:3887868:python] 1470601ac000-1470602ad000 rw-p 00000000 00:00 0 [QD_smaps_pid:3887868:python] Size: 1028 kB
EC_MEMKILL[3997488]: [QD_smaps_pid:3887868:python] Rss: 1012 kB
EC_MEMKILL[3997488]: [QD_smaps_pid:3887868:python] Pss: 1012 kB
EC_MEMKILL[3997488]: [QD_smaps_pid:3887868:python] Private_Dirty: 1012 kB
EC_MEMKILL[3997488]: [QD_smaps_pid:3887868:python] Referenced: 1012 kB
EC_MEMKILL[3997488]: [QD_smaps_pid:3887868:python] Anonymous: 1012 kB
EC_MEMKILL[3997488]: [QD_smaps_pid:3887868:python] VmFlags: rd wr mr mw me ac sd [QD_smaps_pid:3887868:python] 1470602ad000-1470602b1000 r--p 00000000 00:48 24338751 /etc/ecmwf/nfs/dh2_10_perm_b/ecme4047/conda/envs/xesmf_env/lib/python3.14/site-packages/scipy/fftpack/convolve.cpython-314-x86_64-linux-gnu.so
EC_MEMKILL[3997488]: [QD_smaps_pid:3887868:python] VmFlags: rd mr mw me sd [QD_smaps_pid:3887868:python] 1470602b1000-1470602c0000 r-xp 00004000 00:48 24338751 /etc/ecmwf/nfs/dh2_10_perm_b/ecme4047/conda/envs/xesmf_env/lib/python3.14/site-packages/scipy/fftpack/convolve.cpython-314-x86_64-linux-gnu.so
EC_MEMKILL[3997488]: [QD_smaps_pid:3887868:python] VmFlags: rd ex mr mw me sd [QD_smaps_pid:3887868:python] 1470602c0000-1470602c4000 r--p 00013000 00:48 24338751 /etc/ecmwf/nfs/dh2_10_perm_b/ecme4047/conda/envs/xesmf_env/lib/python3.14/site-packages/scipy/fftpack/convolve.cpython-314-x86_64-linux-gnu.so
EC_MEMKILL[3997488]: [QD_smaps_pid:3887868:python] VmFlags: rd mr mw me sd [QD_smaps_pid:3887868:python] 1470602c4000-1470602c5000 r--p 00017000 00:48 24338751 /etc/ecmwf/nfs/dh2_10_perm_b/ecme4047/conda/envs/xesmf_env/lib/python3.14/site-packages/scipy/fftpack/convolve.cpython-314-x86_64-linux-gnu.so
EC_MEMKILL[3997488]: [QD_smaps_pid:3887868:python] VmFlags: rd mr mw me ac sd [QD_smaps_pid:3887868:python] 1470602c5000-1470602c6000 rw-p 00018000 00:48 24338751 /etc/ecmwf/nfs/dh2_10_perm_b/ecme4047/conda/envs/xesmf_env/lib/python3.14/site-packages/scipy/fftpack/convolve.cpython-314-x86_64-linux-gnu.so
EC_MEMKILL[3997488]: [QD_smaps_pid:3887868:python] VmFlags: rd wr mr mw me ac sd [QD_smaps_pid:3887868:python] 1470602c6000-1470602d8000 r--p 00000000 00:48 24340989 /etc/ecmwf/nfs/dh2_10_perm_b/ecme4047/conda/envs/xesmf_env/lib/python3.14/site-packages/scipy/fft/_duccfft/pyduccfft.cpython-314-x86_64-linux-gnu.so
EC_MEMKILL[3997488]: [QD_smaps_pid:3887868:python] VmFlags: rd mr mw me sd [QD_smaps_pid:3887868:python] 1470602d8000-147060416000 r-xp 00012000 00:48 24340989 /etc/ecmwf/nfs/dh2_10_perm_b/ecme4047/conda/envs/xesmf_env/lib/python3.14/site-packages/scipy/fft/_duccfft/pyduccfft.cpython-314-x86_64-linux-gnu.so
EC_MEMKILL[3997488]: [QD_smaps_pid:3887868:python] Size: 1272 kB
EC_MEMKILL[3997488]: [QD_smaps_pid:3887868:python] VmFlags: rd ex mr mw me sd [QD_smaps_pid:3887868:python] 147060416000-14706044f000 r--p 00150000 00:48 24340989 /etc/ecmwf/nfs/dh2_10_perm_b/ecme4047/conda/envs/xesmf_env/lib/python3.14/site-packages/scipy/fft/_duccfft/pyduccfft.cpython-314-x86_64-linux-gnu.so
EC_MEMKILL[3997488]: [QD_smaps_pid:3887868:python] VmFlags: rd mr mw me sd [QD_smaps_pid:3887868:python] 14706044f000-147060454000 r--p 00189000 00:48 24340989 /etc/ecmwf/nfs/dh2_10_perm_b/ecme4047/conda/envs/xesmf_env/lib/python3.14/site-packages/scipy/fft/_duccfft/pyduccfft.cpython-314-x86_64-linux-gnu.so
EC_MEMKILL[3997488]: [QD_smaps_pid:3887868:python] VmFlags: rd mr mw me ac sd [QD_smaps_pid:3887868:python] 147060454000-147060455000 rw-p 0018e000 00:48 24340989 /etc/ecmwf/nfs/dh2_10_perm_b/ecme4047/conda/envs/xesmf_env/lib/python3.14/site-packages/scipy/fft/_duccfft/pyduccfft.cpython-314-x86_64-linux-gnu.so
EC_MEMKILL[3997488]: [QD_smaps_pid:3887868:python] VmFlags: rd wr mr mw me ac sd [QD_smaps_pid:3887868:python] 147060455000-147060558000 rw-p 00000000 00:00 0 [QD_smaps_pid:3887868:python] Size: 1036 kB
EC_MEMKILL[3997488]: [QD_smaps_pid:3887868:python] Rss: 1028 kB
EC_MEMKILL[3997488]: [QD_smaps_pid:3887868:python] Pss: 1028 kB
EC_MEMKILL[3997488]: [QD_smaps_pid:3887868:python] Private_Dirty: 1028 kB
EC_MEMKILL[3997488]: [QD_smaps_pid:3887868:python] Referenced: 1028 kB
EC_MEMKILL[3997488]: [QD_smaps_pid:3887868:python] Anonymous: 1028 kB
EC_MEMKILL[3997488]: [QD_smaps_pid:3887868:python] VmFlags: rd wr mr mw me ac sd [QD_smaps_pid:3887868:python] 147060558000-14706055c000 r--p 00000000 00:48 24338153 /etc/ecmwf/nfs/dh2_10_perm_b/ecme4047/conda/envs/xesmf_env/lib/python3.14/site-packages/scipy/special/_specfun.cpython-314-x86_64-linux-gnu.so
EC_MEMKILL[3997488]: [QD_smaps_pid:3887868:python] VmFlags: rd mr mw me sd [QD_smaps_pid:3887868:python] 14706055c000-14706057e000 r-xp 00004000 00:48 24338153 /etc/ecmwf/nfs/dh2_10_perm_b/ecme4047/conda/envs/xesmf_env/lib/python3.14/site-packages/scipy/special/_specfun.cpython-314-x86_64-linux-gnu.so
EC_MEMKILL[3997488]: [QD_smaps_pid:3887868:python] VmFlags: rd ex mr mw me sd [QD_smaps_pid:3887868:python] 14706057e000-147060583000 r--p 00026000 00:48 24338153 /etc/ecmwf/nfs/dh2_10_perm_b/ecme4047/conda/envs/xesmf_env/lib/python3.14/site-packages/scipy/special/_specfun.cpython-314-x86_64-linux-gnu.so
EC_MEMKILL[3997488]: [QD_smaps_pid:3887868:python] VmFlags: rd mr mw me sd [QD_smaps_pid:3887868:python] 147060583000-147060584000 r--p 0002b000 00:48 24338153 /etc/ecmwf/nfs/dh2_10_perm_b/ecme4047/conda/envs/xesmf_env/lib/python3.14/site-packages/scipy/special/_specfun.cpython-314-x86_64-linux-gnu.so
EC_MEMKILL[3997488]: [QD_smaps_pid:3887868:python] VmFlags: rd mr mw me ac sd [QD_smaps_pid:3887868:python] 147060584000-147060585000 rw-p 0002c000 00:48 24338153 /etc/ecmwf/nfs/dh2_10_perm_b/ecme4047/conda/envs/xesmf_env/lib/python3.14/site-packages/scipy/special/_specfun.cpython-314-x86_64-linux-gnu.so
EC_MEMKILL[3997488]: [QD_smaps_pid:3887868:python] VmFlags: rd wr mr mw me ac sd [QD_smaps_pid:3887868:python] 147060585000-147060587000 r--p 00000000 00:48 24339962 /etc/ecmwf/nfs/dh2_10_perm_b/ecme4047/conda/envs/xesmf_env/lib/python3.14/site-packages/scipy/special/_gufuncs.cpython-314-x86_64-linux-gnu.so
EC_MEMKILL[3997488]: [QD_smaps_pid:3887868:python] VmFlags: rd mr mw me sd [QD_smaps_pid:3887868:python] 147060587000-147060622000 r-xp 00002000 00:48 24339962 /etc/ecmwf/nfs/dh2_10_perm_b/ecme4047/conda/envs/xesmf_env/lib/python3.14/site-packages/scipy/special/_gufuncs.cpython-314-x86_64-linux-gnu.so
EC_MEMKILL[3997488]: [QD_smaps_pid:3887868:python] VmFlags: rd ex mr mw me sd [QD_smaps_pid:3887868:python] 147060622000-147060631000 r--p 0009d000 00:48 24339962 /etc/ecmwf/nfs/dh2_10_perm_b/ecme4047/conda/envs/xesmf_env/lib/python3.14/site-packages/scipy/special/_gufuncs.cpython-314-x86_64-linux-gnu.so
EC_MEMKILL[3997488]: [QD_smaps_pid:3887868:python] VmFlags: rd mr mw me sd [QD_smaps_pid:3887868:python] 147060631000-147060632000 r--p 000ab000 00:48 24339962 /etc/ecmwf/nfs/dh2_10_perm_b/ecme4047/conda/envs/xesmf_env/lib/python3.14/site-packages/scipy/special/_gufuncs.cpython-314-x86_64-linux-gnu.so
EC_MEMKILL[3997488]: [QD_smaps_pid:3887868:python] VmFlags: rd mr mw me ac sd [QD_smaps_pid:3887868:python] 147060632000-147060633000 rw-p 000ac000 00:48 24339962 /etc/ecmwf/nfs/dh2_10_perm_b/ecme4047/conda/envs/xesmf_env/lib/python3.14/site-packages/scipy/special/_gufuncs.cpython-314-x86_64-linux-gnu.so
EC_MEMKILL[3997488]: [QD_smaps_pid:3887868:python] VmFlags: rd wr mr mw me ac sd [QD_smaps_pid:3887868:python] 147060633000-147060637000 r--p 00000000 00:48 24341917 /etc/ecmwf/nfs/dh2_10_perm_b/ecme4047/conda/envs/xesmf_env/lib/python3.14/site-packages/scipy/special/_special_ufuncs.cpython-314-x86_64-linux-gnu.so
EC_MEMKILL[3997488]: [QD_smaps_pid:3887868:python] VmFlags: rd mr mw me sd [QD_smaps_pid:3887868:python] 147060637000-147060740000 r-xp 00004000 00:48 24341917 /etc/ecmwf/nfs/dh2_10_perm_b/ecme4047/conda/envs/xesmf_env/lib/python3.14/site-packages/scipy/special/_special_ufuncs.cpython-314-x86_64-linux-gnu.so
EC_MEMKILL[3997488]: [QD_smaps_pid:3887868:python] Size: 1060 kB
EC_MEMKILL[3997488]: [QD_smaps_pid:3887868:python] VmFlags: rd ex mr mw me sd [QD_smaps_pid:3887868:python] 147060740000-14706078d000 r--p 0010d000 00:48 24341917 /etc/ecmwf/nfs/dh2_10_perm_b/ecme4047/conda/envs/xesmf_env/lib/python3.14/site-packages/scipy/special/_special_ufuncs.cpython-314-x86_64-linux-gnu.so
EC_MEMKILL[3997488]: [QD_smaps_pid:3887868:python] VmFlags: rd mr mw me sd [QD_smaps_pid:3887868:python] 14706078d000-14706078e000 r--p 0015a000 00:48 24341917 /etc/ecmwf/nfs/dh2_10_perm_b/ecme4047/conda/envs/xesmf_env/lib/python3.14/site-packages/scipy/special/_special_ufuncs.cpython-314-x86_64-linux-gnu.so
EC_MEMKILL[3997488]: [QD_smaps_pid:3887868:python] VmFlags: rd mr mw me ac sd [QD_smaps_pid:3887868:python] 14706078e000-14706078f000 rw-p 0015b000 00:48 24341917 /etc/ecmwf/nfs/dh2_10_perm_b/ecme4047/conda/envs/xesmf_env/lib/python3.14/site-packages/scipy/special/_special_ufuncs.cpython-314-x86_64-linux-gnu.so
EC_MEMKILL[3997488]: [QD_smaps_pid:3887868:python] VmFlags: rd wr mr mw me ac sd [QD_smaps_pid:3887868:python] 14706078f000-1470607b3000 r--p 00000000 00:48 24342790 /etc/ecmwf/nfs/dh2_10_perm_b/ecme4047/conda/envs/xesmf_env/lib/python3.14/site-packages/scipy/linalg/cython_lapack.cpython-314-x86_64-linux-gnu.so
EC_MEMKILL[3997488]: [QD_smaps_pid:3887868:python] VmFlags: rd mr mw me sd [QD_smaps_pid:3887868:python] 1470607b3000-1470607be000 r-xp 00024000 00:48 24342790 /etc/ecmwf/nfs/dh2_10_perm_b/ecme4047/conda/envs/xesmf_env/lib/python3.14/site-packages/scipy/linalg/cython_lapack.cpython-314-x86_64-linux-gnu.so
EC_MEMKILL[3997488]: [QD_smaps_pid:3887868:python] VmFlags: rd ex mr mw me sd [QD_smaps_pid:3887868:python] 1470607be000-1470607d1000 r--p 0002f000 00:48 24342790 /etc/ecmwf/nfs/dh2_10_perm_b/ecme4047/conda/envs/xesmf_env/lib/python3.14/site-packages/scipy/linalg/cython_lapack.cpython-314-x86_64-linux-gnu.so
EC_MEMKILL[3997488]: [QD_smaps_pid:3887868:python] VmFlags: rd mr mw me sd [QD_smaps_pid:3887868:python] 1470607d1000-1470607d5000 r--p 00041000 00:48 24342790 /etc/ecmwf/nfs/dh2_10_perm_b/ecme4047/conda/envs/xesmf_env/lib/python3.14/site-packages/scipy/linalg/cython_lapack.cpython-314-x86_64-linux-gnu.so
EC_MEMKILL[3997488]: [QD_smaps_pid:3887868:python] VmFlags: rd mr mw me ac sd [QD_smaps_pid:3887868:python] 1470607d5000-1470607d9000 rw-p 00045000 00:48 24342790 /etc/ecmwf/nfs/dh2_10_perm_b/ecme4047/conda/envs/xesmf_env/lib/python3.14/site-packages/scipy/linalg/cython_lapack.cpython-314-x86_64-linux-gnu.so
EC_MEMKILL[3997488]: [QD_smaps_pid:3887868:python] VmFlags: rd wr mr mw me ac sd [QD_smaps_pid:3887868:python] 1470607d9000-1470608d9000 rw-p 00000000 00:00 0 [QD_smaps_pid:3887868:python] Size: 1024 kB
EC_MEMKILL[3997488]: [QD_smaps_pid:3887868:python] Rss: 1008 kB
EC_MEMKILL[3997488]: [QD_smaps_pid:3887868:python] Pss: 1008 kB
EC_MEMKILL[3997488]: [QD_smaps_pid:3887868:python] Private_Dirty: 1008 kB
EC_MEMKILL[3997488]: [QD_smaps_pid:3887868:python] Referenced: 1008 kB
EC_MEMKILL[3997488]: [QD_smaps_pid:3887868:python] Anonymous: 1008 kB
EC_MEMKILL[3997488]: [QD_smaps_pid:3887868:python] VmFlags: rd wr mr mw me ac sd [QD_smaps_pid:3887868:python] 1470608d9000-147060903000 r--p 00000000 00:48 24340508 /etc/ecmwf/nfs/dh2_10_perm_b/ecme4047/conda/envs/xesmf_env/lib/python3.14/site-packages/scipy/linalg/_flapack.cpython-314-x86_64-linux-gnu.so
EC_MEMKILL[3997488]: [QD_smaps_pid:3887868:python] VmFlags: rd mr mw me sd [QD_smaps_pid:3887868:python] 147060903000-1470609f5000 r-xp 0002a000 00:48 24340508 /etc/ecmwf/nfs/dh2_10_perm_b/ecme4047/conda/envs/xesmf_env/lib/python3.14/site-packages/scipy/linalg/_flapack.cpython-314-x86_64-linux-gnu.so
EC_MEMKILL[3997488]: [QD_smaps_pid:3887868:python] VmFlags: rd ex mr mw me sd [QD_smaps_pid:3887868:python] 1470609f5000-147060a50000 r--p 0011c000 00:48 24340508 /etc/ecmwf/nfs/dh2_10_perm_b/ecme4047/conda/envs/xesmf_env/lib/python3.14/site-packages/scipy/linalg/_flapack.cpython-314-x86_64-linux-gnu.so
EC_MEMKILL[3997488]: [QD_smaps_pid:3887868:python] VmFlags: rd mr mw me sd [QD_smaps_pid:3887868:python] 147060a50000-147060a51000 r--p 00177000 00:48 24340508 /etc/ecmwf/nfs/dh2_10_perm_b/ecme4047/conda/envs/xesmf_env/lib/python3.14/site-packages/scipy/linalg/_flapack.cpython-314-x86_64-linux-gnu.so
EC_MEMKILL[3997488]: [QD_smaps_pid:3887868:python] VmFlags: rd mr mw me ac sd [QD_smaps_pid:3887868:python] 147060a51000-147060ae0000 rw-p 00178000 00:48 24340508 /etc/ecmwf/nfs/dh2_10_perm_b/ecme4047/conda/envs/xesmf_env/lib/python3.14/site-packages/scipy/linalg/_flapack.cpython-314-x86_64-linux-gnu.so
EC_MEMKILL[3997488]: [QD_smaps_pid:3887868:python] VmFlags: rd wr mr mw me ac sd [QD_smaps_pid:3887868:python] 147060ae0000-147060e8b000 rw-p 00000000 00:00 0 [QD_smaps_pid:3887868:python] Size: 3756 kB
EC_MEMKILL[3997488]: [QD_smaps_pid:3887868:python] Rss: 3756 kB
EC_MEMKILL[3997488]: [QD_smaps_pid:3887868:python] Pss: 3756 kB
EC_MEMKILL[3997488]: [QD_smaps_pid:3887868:python] Private_Dirty: 3756 kB
EC_MEMKILL[3997488]: [QD_smaps_pid:3887868:python] Referenced: 3756 kB
EC_MEMKILL[3997488]: [QD_smaps_pid:3887868:python] Anonymous: 3756 kB
EC_MEMKILL[3997488]: [QD_smaps_pid:3887868:python] VmFlags: rd wr mr mw me ac sd [QD_smaps_pid:3887868:python] 147060e8b000-147060e8f000 r--p 00000000 00:48 24341429 /etc/ecmwf/nfs/dh2_10_perm_b/ecme4047/conda/envs/xesmf_env/lib/python3.14/site-packages/scipy/special/_ellip_harm_2.cpython-314-x86_64-linux-gnu.so
EC_MEMKILL[3997488]: [QD_smaps_pid:3887868:python] VmFlags: rd mr mw me sd [QD_smaps_pid:3887868:python] 147060e8f000-147060e9b000 r-xp 00004000 00:48 24341429 /etc/ecmwf/nfs/dh2_10_perm_b/ecme4047/conda/envs/xesmf_env/lib/python3.14/site-packages/scipy/special/_ellip_harm_2.cpython-314-x86_64-linux-gnu.so
EC_MEMKILL[3997488]: [QD_smaps_pid:3887868:python] VmFlags: rd ex mr mw me sd [QD_smaps_pid:3887868:python] 147060e9b000-147060e9e000 r--p 00010000 00:48 24341429 /etc/ecmwf/nfs/dh2_10_perm_b/ecme4047/conda/envs/xesmf_env/lib/python3.14/site-packages/scipy/special/_ellip_harm_2.cpython-314-x86_64-linux-gnu.so
EC_MEMKILL[3997488]: [QD_smaps_pid:3887868:python] VmFlags: rd mr mw me sd [QD_smaps_pid:3887868:python] 147060e9e000-147060e9f000 r--p 00013000 00:48 24341429 /etc/ecmwf/nfs/dh2_10_perm_b/ecme4047/conda/envs/xesmf_env/lib/python3.14/site-packages/scipy/special/_ellip_harm_2.cpython-314-x86_64-linux-gnu.so
EC_MEMKILL[3997488]: [QD_smaps_pid:3887868:python] VmFlags: rd mr mw me ac sd [QD_smaps_pid:3887868:python] 147060e9f000-147060ea0000 rw-p 00014000 00:48 24341429 /etc/ecmwf/nfs/dh2_10_perm_b/ecme4047/conda/envs/xesmf_env/lib/python3.14/site-packages/scipy/special/_ellip_harm_2.cpython-314-x86_64-linux-gnu.so
EC_MEMKILL[3997488]: [QD_smaps_pid:3887868:python] VmFlags: rd wr mr mw me ac sd [QD_smaps_pid:3887868:python] 147060ea0000-147060ea7000 r--p 00000000 00:48 24341919 /etc/ecmwf/nfs/dh2_10_perm_b/ecme4047/conda/envs/xesmf_env/lib/python3.14/site-packages/scipy/special/_ufuncs_cxx.cpython-314-x86_64-linux-gnu.so
EC_MEMKILL[3997488]: [QD_smaps_pid:3887868:python] VmFlags: rd mr mw me sd [QD_smaps_pid:3887868:python] 147060ea7000-147060ff5000 r-xp 00007000 00:48 24341919 /etc/ecmwf/nfs/dh2_10_perm_b/ecme4047/conda/envs/xesmf_env/lib/python3.14/site-packages/scipy/special/_ufuncs_cxx.cpython-314-x86_64-linux-gnu.so
EC_MEMKILL[3997488]: [QD_smaps_pid:3887868:python] Size: 1336 kB
EC_MEMKILL[3997488]: [QD_smaps_pid:3887868:python] VmFlags: rd ex mr mw me sd [QD_smaps_pid:3887868:python] 147060ff5000-147061024000 r--p 00155000 00:48 24341919 /etc/ecmwf/nfs/dh2_10_perm_b/ecme4047/conda/envs/xesmf_env/lib/python3.14/site-packages/scipy/special/_ufuncs_cxx.cpython-314-x86_64-linux-gnu.so
EC_MEMKILL[3997488]: [QD_smaps_pid:3887868:python] VmFlags: rd mr mw me sd [QD_smaps_pid:3887868:python] 147061024000-147061025000 r--p 00184000 00:48 24341919 /etc/ecmwf/nfs/dh2_10_perm_b/ecme4047/conda/envs/xesmf_env/lib/python3.14/site-packages/scipy/special/_ufuncs_cxx.cpython-314-x86_64-linux-gnu.so
EC_MEMKILL[3997488]: [QD_smaps_pid:3887868:python] VmFlags: rd mr mw me ac sd [QD_smaps_pid:3887868:python] 147061025000-147061026000 rw-p 00185000 00:48 24341919 /etc/ecmwf/nfs/dh2_10_perm_b/ecme4047/conda/envs/xesmf_env/lib/python3.14/site-packages/scipy/special/_ufuncs_cxx.cpython-314-x86_64-linux-gnu.so
EC_MEMKILL[3997488]: [QD_smaps_pid:3887868:python] VmFlags: rd wr mr mw me ac sd [QD_smaps_pid:3887868:python] 147061026000-14706102d000 r--p 00000000 00:48 24343855 /etc/ecmwf/nfs/dh2_10_perm_b/ecme4047/conda/envs/xesmf_env/lib/python3.14/site-packages/scipy/special/_ufuncs.cpython-314-x86_64-linux-gnu.so
EC_MEMKILL[3997488]: [QD_smaps_pid:3887868:python] VmFlags: rd mr mw me sd [QD_smaps_pid:3887868:python] 14706102d000-1470610a8000 r-xp 00007000 00:48 24343855 /etc/ecmwf/nfs/dh2_10_perm_b/ecme4047/conda/envs/xesmf_env/lib/python3.14/site-packages/scipy/special/_ufuncs.cpython-314-x86_64-linux-gnu.so
EC_MEMKILL[3997488]: [QD_smaps_pid:3887868:python] VmFlags: rd ex mr mw me sd [QD_smaps_pid:3887868:python] 1470610a8000-1470610f5000 r--p 00082000 00:48 24343855 /etc/ecmwf/nfs/dh2_10_perm_b/ecme4047/conda/envs/xesmf_env/lib/python3.14/site-packages/scipy/special/_ufuncs.cpython-314-x86_64-linux-gnu.so
EC_MEMKILL[3997488]: [QD_smaps_pid:3887868:python] VmFlags: rd mr mw me sd [QD_smaps_pid:3887868:python] 1470610f5000-1470610f6000 r--p 000cf000 00:48 24343855 /etc/ecmwf/nfs/dh2_10_perm_b/ecme4047/conda/envs/xesmf_env/lib/python3.14/site-packages/scipy/special/_ufuncs.cpython-314-x86_64-linux-gnu.so
EC_MEMKILL[3997488]: [QD_smaps_pid:3887868:python] VmFlags: rd mr mw me ac sd [QD_smaps_pid:3887868:python] 1470610f6000-1470610f7000 rw-p 000d0000 00:48 24343855 /etc/ecmwf/nfs/dh2_10_perm_b/ecme4047/conda/envs/xesmf_env/lib/python3.14/site-packages/scipy/special/_ufuncs.cpython-314-x86_64-linux-gnu.so
EC_MEMKILL[3997488]: [QD_smaps_pid:3887868:python] VmFlags: rd wr mr mw me ac sd [QD_smaps_pid:3887868:python] 1470610f7000-1470610fd000 rw-p 00000000 00:00 0 [QD_smaps_pid:3887868:python] VmFlags: rd wr mr mw me ac sd [QD_smaps_pid:3887868:python] 1470610fd000-147061100000 r--p 00000000 00:48 24342590 /etc/ecmwf/nfs/dh2_10_perm_b/ecme4047/conda/envs/xesmf_env/lib/python3.14/site-packages/scipy/_lib/_uarray/_uarray.cpython-314-x86_64-linux-gnu.so
EC_MEMKILL[3997488]: [QD_smaps_pid:3887868:python] VmFlags: rd mr mw me sd [QD_smaps_pid:3887868:python] 147061100000-14706110c000 r-xp 00003000 00:48 24342590 /etc/ecmwf/nfs/dh2_10_perm_b/ecme4047/conda/envs/xesmf_env/lib/python3.14/site-packages/scipy/_lib/_uarray/_uarray.cpython-314-x86_64-linux-gnu.so
EC_MEMKILL[3997488]: [QD_smaps_pid:3887868:python] VmFlags: rd ex mr mw me sd [QD_smaps_pid:3887868:python] 14706110c000-14706110f000 r--p 0000f000 00:48 24342590 /etc/ecmwf/nfs/dh2_10_perm_b/ecme4047/conda/envs/xesmf_env/lib/python3.14/site-packages/scipy/_lib/_uarray/_uarray.cpython-314-x86_64-linux-gnu.so
EC_MEMKILL[3997488]: [QD_smaps_pid:3887868:python] VmFlags: rd mr mw me sd [QD_smaps_pid:3887868:python] 14706110f000-147061110000 r--p 00011000 00:48 24342590 /etc/ecmwf/nfs/dh2_10_perm_b/ecme4047/conda/envs/xesmf_env/lib/python3.14/site-packages/scipy/_lib/_uarray/_uarray.cpython-314-x86_64-linux-gnu.so
EC_MEMKILL[3997488]: [QD_smaps_pid:3887868:python] VmFlags: rd mr mw me ac sd [QD_smaps_pid:3887868:python] 147061110000-147061111000 rw-p 00012000 00:48 24342590 /etc/ecmwf/nfs/dh2_10_perm_b/ecme4047/conda/envs/xesmf_env/lib/python3.14/site-packages/scipy/_lib/_uarray/_uarray.cpython-314-x86_64-linux-gnu.so
EC_MEMKILL[3997488]: [QD_smaps_pid:3887868:python] VmFlags: rd wr mr mw me ac sd [QD_smaps_pid:3887868:python] 147061111000-147061211000 rw-p 00000000 00:00 0 [QD_smaps_pid:3887868:python] Size: 1024 kB
EC_MEMKILL[3997488]: [QD_smaps_pid:3887868:python] Rss: 1008 kB
EC_MEMKILL[3997488]: [QD_smaps_pid:3887868:python] Pss: 1008 kB
EC_MEMKILL[3997488]: [QD_smaps_pid:3887868:python] Private_Dirty: 1008 kB
EC_MEMKILL[3997488]: [QD_smaps_pid:3887868:python] Referenced: 1008 kB
EC_MEMKILL[3997488]: [QD_smaps_pid:3887868:python] Anonymous: 1008 kB
EC_MEMKILL[3997488]: [QD_smaps_pid:3887868:python] VmFlags: rd wr mr mw me ac sd [QD_smaps_pid:3887868:python] 147061211000-147061217000 r--p 00000000 00:48 24341739 /etc/ecmwf/nfs/dh2_10_perm_b/ecme4047/conda/envs/xesmf_env/lib/python3.14/site-packages/scipy/sparse/_csparsetools.cpython-314-x86_64-linux-gnu.so
EC_MEMKILL[3997488]: [QD_smaps_pid:3887868:python] VmFlags: rd mr mw me sd [QD_smaps_pid:3887868:python] 147061217000-147061268000 r-xp 00006000 00:48 24341739 /etc/ecmwf/nfs/dh2_10_perm_b/ecme4047/conda/envs/xesmf_env/lib/python3.14/site-packages/scipy/sparse/_csparsetools.cpython-314-x86_64-linux-gnu.so
EC_MEMKILL[3997488]: [QD_smaps_pid:3887868:python] VmFlags: rd ex mr mw me sd [QD_smaps_pid:3887868:python] 147061268000-147061271000 r--p 00057000 00:48 24341739 /etc/ecmwf/nfs/dh2_10_perm_b/ecme4047/conda/envs/xesmf_env/lib/python3.14/site-packages/scipy/sparse/_csparsetools.cpython-314-x86_64-linux-gnu.so
EC_MEMKILL[3997488]: [QD_smaps_pid:3887868:python] VmFlags: rd mr mw me sd [QD_smaps_pid:3887868:python] 147061271000-147061273000 r--p 0005f000 00:48 24341739 /etc/ecmwf/nfs/dh2_10_perm_b/ecme4047/conda/envs/xesmf_env/lib/python3.14/site-packages/scipy/sparse/_csparsetools.cpython-314-x86_64-linux-gnu.so
EC_MEMKILL[3997488]: [QD_smaps_pid:3887868:python] VmFlags: rd mr mw me ac sd [QD_smaps_pid:3887868:python] 147061273000-147061275000 rw-p 00061000 00:48 24341739 /etc/ecmwf/nfs/dh2_10_perm_b/ecme4047/conda/envs/xesmf_env/lib/python3.14/site-packages/scipy/sparse/_csparsetools.cpython-314-x86_64-linux-gnu.so
EC_MEMKILL[3997488]: [QD_smaps_pid:3887868:python] VmFlags: rd wr mr mw me ac sd [QD_smaps_pid:3887868:python] 147061275000-147061375000 rw-p 00000000 00:00 0 [QD_smaps_pid:3887868:python] Size: 1024 kB
EC_MEMKILL[3997488]: [QD_smaps_pid:3887868:python] Rss: 1008 kB
EC_MEMKILL[3997488]: [QD_smaps_pid:3887868:python] Pss: 1008 kB
EC_MEMKILL[3997488]: [QD_smaps_pid:3887868:python] Private_Dirty: 1008 kB
EC_MEMKILL[3997488]: [QD_smaps_pid:3887868:python] Referenced: 1008 kB
EC_MEMKILL[3997488]: [QD_smaps_pid:3887868:python] Anonymous: 1008 kB
EC_MEMKILL[3997488]: [QD_smaps_pid:3887868:python] VmFlags: rd wr mr mw me ac sd [QD_smaps_pid:3887868:python] 147061375000-147061378000 r--p 00000000 00:48 24344996 /etc/ecmwf/nfs/dh2_10_perm_b/ecme4047/conda/envs/xesmf_env/lib/python3.14/site-packages/numpy/fft/_pocketfft_umath.cpython-314-x86_64-linux-gnu.so
EC_MEMKILL[3997488]: [QD_smaps_pid:3887868:python] VmFlags: rd mr mw me sd [QD_smaps_pid:3887868:python] 147061378000-1470613e6000 r-xp 00003000 00:48 24344996 /etc/ecmwf/nfs/dh2_10_perm_b/ecme4047/conda/envs/xesmf_env/lib/python3.14/site-packages/numpy/fft/_pocketfft_umath.cpython-314-x86_64-linux-gnu.so
EC_MEMKILL[3997488]: [QD_smaps_pid:3887868:python] VmFlags: rd ex mr mw me sd [QD_smaps_pid:3887868:python] 1470613e6000-1470613ec000 r--p 00071000 00:48 24344996 /etc/ecmwf/nfs/dh2_10_perm_b/ecme4047/conda/envs/xesmf_env/lib/python3.14/site-packages/numpy/fft/_pocketfft_umath.cpython-314-x86_64-linux-gnu.so
EC_MEMKILL[3997488]: [QD_smaps_pid:3887868:python] VmFlags: rd mr mw me sd [QD_smaps_pid:3887868:python] 1470613ec000-1470613ed000 r--p 00076000 00:48 24344996 /etc/ecmwf/nfs/dh2_10_perm_b/ecme4047/conda/envs/xesmf_env/lib/python3.14/site-packages/numpy/fft/_pocketfft_umath.cpython-314-x86_64-linux-gnu.so
EC_MEMKILL[3997488]: [QD_smaps_pid:3887868:python] VmFlags: rd mr mw me ac sd [QD_smaps_pid:3887868:python] 1470613ed000-1470613ee000 rw-p 00077000 00:48 24344996 /etc/ecmwf/nfs/dh2_10_perm_b/ecme4047/conda/envs/xesmf_env/lib/python3.14/site-packages/numpy/fft/_pocketfft_umath.cpython-314-x86_64-linux-gnu.so
EC_MEMKILL[3997488]: [QD_smaps_pid:3887868:python] VmFlags: rd wr mr mw me ac sd [QD_smaps_pid:3887868:python] 1470613ee000-1470615ee000 rw-p 00000000 00:00 0 [QD_smaps_pid:3887868:python] Size: 2048 kB
EC_MEMKILL[3997488]: [QD_smaps_pid:3887868:python] Rss: 2016 kB
EC_MEMKILL[3997488]: [QD_smaps_pid:3887868:python] Pss: 2016 kB
EC_MEMKILL[3997488]: [QD_smaps_pid:3887868:python] Private_Dirty: 2016 kB
EC_MEMKILL[3997488]: [QD_smaps_pid:3887868:python] Referenced: 2016 kB
EC_MEMKILL[3997488]: [QD_smaps_pid:3887868:python] Anonymous: 2016 kB
EC_MEMKILL[3997488]: [QD_smaps_pid:3887868:python] VmFlags: rd wr mr mw me ac sd [QD_smaps_pid:3887868:python] 1470615ee000-1470615f1000 r--p 00000000 00:48 24338914 /etc/ecmwf/nfs/dh2_10_perm_b/ecme4047/conda/envs/xesmf_env/lib/python3.14/site-packages/scipy/sparse/_sparsetools.cpython-314-x86_64-linux-gnu.so
EC_MEMKILL[3997488]: [QD_smaps_pid:3887868:python] VmFlags: rd mr mw me sd [QD_smaps_pid:3887868:python] 1470615f1000-14706195d000 r-xp 00003000 00:48 24338914 /etc/ecmwf/nfs/dh2_10_perm_b/ecme4047/conda/envs/xesmf_env/lib/python3.14/site-packages/scipy/sparse/_sparsetools.cpython-314-x86_64-linux-gnu.so
EC_MEMKILL[3997488]: [QD_smaps_pid:3887868:python] Size: 3504 kB
EC_MEMKILL[3997488]: [QD_smaps_pid:3887868:python] VmFlags: rd ex mr mw me sd [QD_smaps_pid:3887868:python] 14706195d000-1470619b6000 r--p 0036f000 00:48 24338914 /etc/ecmwf/nfs/dh2_10_perm_b/ecme4047/conda/envs/xesmf_env/lib/python3.14/site-packages/scipy/sparse/_sparsetools.cpython-314-x86_64-linux-gnu.so
EC_MEMKILL[3997488]: [QD_smaps_pid:3887868:python] VmFlags: rd mr mw me sd [QD_smaps_pid:3887868:python] 1470619b6000-1470619b7000 r--p 003c7000 00:48 24338914 /etc/ecmwf/nfs/dh2_10_perm_b/ecme4047/conda/envs/xesmf_env/lib/python3.14/site-packages/scipy/sparse/_sparsetools.cpython-314-x86_64-linux-gnu.so
EC_MEMKILL[3997488]: [QD_smaps_pid:3887868:python] VmFlags: rd mr mw me ac sd [QD_smaps_pid:3887868:python] 1470619b7000-1470619b8000 rw-p 003c8000 00:48 24338914 /etc/ecmwf/nfs/dh2_10_perm_b/ecme4047/conda/envs/xesmf_env/lib/python3.14/site-packages/scipy/sparse/_sparsetools.cpython-314-x86_64-linux-gnu.so
EC_MEMKILL[3997488]: [QD_smaps_pid:3887868:python] VmFlags: rd wr mr mw me ac sd [QD_smaps_pid:3887868:python] 1470619b8000-147061bb8000 rw-p 00000000 00:00 0 [QD_smaps_pid:3887868:python] Size: 2048 kB
EC_MEMKILL[3997488]: [QD_smaps_pid:3887868:python] Rss: 2048 kB
EC_MEMKILL[3997488]: [QD_smaps_pid:3887868:python] Pss: 2048 kB
EC_MEMKILL[3997488]: [QD_smaps_pid:3887868:python] Private_Dirty: 2048 kB
EC_MEMKILL[3997488]: [QD_smaps_pid:3887868:python] Referenced: 2048 kB
EC_MEMKILL[3997488]: [QD_smaps_pid:3887868:python] Anonymous: 2048 kB
EC_MEMKILL[3997488]: [QD_smaps_pid:3887868:python] VmFlags: rd wr mr mw me ac sd [QD_smaps_pid:3887868:python] 147061bb8000-147061bb9000 r--p 00000000 00:48 24393711 /etc/ecmwf/nfs/dh2_10_perm_b/ecme4047/conda/envs/xesmf_env/lib/python3.14/site-packages/markupsafe/_speedups.cpython-314-x86_64-linux-gnu.so
EC_MEMKILL[3997488]: [QD_smaps_pid:3887868:python] VmFlags: rd mr mw me sd [QD_smaps_pid:3887868:python] 147061bb9000-147061bba000 r-xp 00001000 00:48 24393711 /etc/ecmwf/nfs/dh2_10_perm_b/ecme4047/conda/envs/xesmf_env/lib/python3.14/site-packages/markupsafe/_speedups.cpython-314-x86_64-linux-gnu.so
EC_MEMKILL[3997488]: [QD_smaps_pid:3887868:python] VmFlags: rd ex mr mw me sd [QD_smaps_pid:3887868:python] 147061bba000-147061bbb000 r--p 00002000 00:48 24393711 /etc/ecmwf/nfs/dh2_10_perm_b/ecme4047/conda/envs/xesmf_env/lib/python3.14/site-packages/markupsafe/_speedups.cpython-314-x86_64-linux-gnu.so
EC_MEMKILL[3997488]: [QD_smaps_pid:3887868:python] VmFlags: rd mr mw me sd [QD_smaps_pid:3887868:python] 147061bbb000-147061bbc000 r--p 00002000 00:48 24393711 /etc/ecmwf/nfs/dh2_10_perm_b/ecme4047/conda/envs/xesmf_env/lib/python3.14/site-packages/markupsafe/_speedups.cpython-314-x86_64-linux-gnu.so
EC_MEMKILL[3997488]: [QD_smaps_pid:3887868:python] VmFlags: rd mr mw me ac sd [QD_smaps_pid:3887868:python] 147061bbc000-147061bbd000 rw-p 00003000 00:48 24393711 /etc/ecmwf/nfs/dh2_10_perm_b/ecme4047/conda/envs/xesmf_env/lib/python3.14/site-packages/markupsafe/_speedups.cpython-314-x86_64-linux-gnu.so
EC_MEMKILL[3997488]: [QD_smaps_pid:3887868:python] VmFlags: rd wr mr mw me ac sd [QD_smaps_pid:3887868:python] 147061bbd000-147061cbd000 rw-p 00000000 00:00 0 [QD_smaps_pid:3887868:python] Size: 1024 kB
EC_MEMKILL[3997488]: [QD_smaps_pid:3887868:python] Rss: 1008 kB
EC_MEMKILL[3997488]: [QD_smaps_pid:3887868:python] Pss: 1008 kB
EC_MEMKILL[3997488]: [QD_smaps_pid:3887868:python] Private_Dirty: 1008 kB
EC_MEMKILL[3997488]: [QD_smaps_pid:3887868:python] Referenced: 1008 kB
EC_MEMKILL[3997488]: [QD_smaps_pid:3887868:python] Anonymous: 1008 kB
EC_MEMKILL[3997488]: [QD_smaps_pid:3887868:python] VmFlags: rd wr mr mw me ac sd [QD_smaps_pid:3887868:python] 147061cbd000-147061cbf000 r--p 00000000 00:48 24340202 /etc/ecmwf/nfs/dh2_10_perm_b/ecme4047/conda/envs/xesmf_env/lib/python3.14/lib-dynload/_multiprocessing.cpython-314-x86_64-linux-gnu.so
EC_MEMKILL[3997488]: [QD_smaps_pid:3887868:python] VmFlags: rd mr mw me sd [QD_smaps_pid:3887868:python] 147061cbf000-147061cc0000 r-xp 00002000 00:48 24340202 /etc/ecmwf/nfs/dh2_10_perm_b/ecme4047/conda/envs/xesmf_env/lib/python3.14/lib-dynload/_multiprocessing.cpython-314-x86_64-linux-gnu.so
EC_MEMKILL[3997488]: [QD_smaps_pid:3887868:python] VmFlags: rd ex mr mw me sd [QD_smaps_pid:3887868:python] 147061cc0000-147061cc1000 r--p 00003000 00:48 24340202 /etc/ecmwf/nfs/dh2_10_perm_b/ecme4047/conda/envs/xesmf_env/lib/python3.14/lib-dynload/_multiprocessing.cpython-314-x86_64-linux-gnu.so
EC_MEMKILL[3997488]: [QD_smaps_pid:3887868:python] VmFlags: rd mr mw me sd [QD_smaps_pid:3887868:python] 147061cc1000-147061cc2000 r--p 00003000 00:48 24340202 /etc/ecmwf/nfs/dh2_10_perm_b/ecme4047/conda/envs/xesmf_env/lib/python3.14/lib-dynload/_multiprocessing.cpython-314-x86_64-linux-gnu.so
EC_MEMKILL[3997488]: [QD_smaps_pid:3887868:python] VmFlags: rd mr mw me ac sd [QD_smaps_pid:3887868:python] 147061cc2000-147061cc3000 rw-p 00004000 00:48 24340202 /etc/ecmwf/nfs/dh2_10_perm_b/ecme4047/conda/envs/xesmf_env/lib/python3.14/lib-dynload/_multiprocessing.cpython-314-x86_64-linux-gnu.so
EC_MEMKILL[3997488]: [QD_smaps_pid:3887868:python] VmFlags: rd wr mr mw me ac sd [QD_smaps_pid:3887868:python] 147061cc3000-147061cc6000 r--p 00000000 00:48 24388682 /etc/ecmwf/nfs/dh2_10_perm_b/ecme4047/conda/envs/xesmf_env/lib/python3.14/site-packages/psutil/_psutil_linux.abi3.so
EC_MEMKILL[3997488]: [QD_smaps_pid:3887868:python] VmFlags: rd mr mw me sd [QD_smaps_pid:3887868:python] 147061cc6000-147061cc9000 r-xp 00003000 00:48 24388682 /etc/ecmwf/nfs/dh2_10_perm_b/ecme4047/conda/envs/xesmf_env/lib/python3.14/site-packages/psutil/_psutil_linux.abi3.so
EC_MEMKILL[3997488]: [QD_smaps_pid:3887868:python] VmFlags: rd ex mr mw me sd [QD_smaps_pid:3887868:python] 147061cc9000-147061cca000 r--p 00006000 00:48 24388682 /etc/ecmwf/nfs/dh2_10_perm_b/ecme4047/conda/envs/xesmf_env/lib/python3.14/site-packages/psutil/_psutil_linux.abi3.so
EC_MEMKILL[3997488]: [QD_smaps_pid:3887868:python] VmFlags: rd mr mw me sd [QD_smaps_pid:3887868:python] 147061cca000-147061ccb000 r--p 00007000 00:48 24388682 /etc/ecmwf/nfs/dh2_10_perm_b/ecme4047/conda/envs/xesmf_env/lib/python3.14/site-packages/psutil/_psutil_linux.abi3.so
EC_MEMKILL[3997488]: [QD_smaps_pid:3887868:python] VmFlags: rd mr mw me ac sd [QD_smaps_pid:3887868:python] 147061ccb000-147061ccc000 rw-p 00008000 00:48 24388682 /etc/ecmwf/nfs/dh2_10_perm_b/ecme4047/conda/envs/xesmf_env/lib/python3.14/site-packages/psutil/_psutil_linux.abi3.so
EC_MEMKILL[3997488]: [QD_smaps_pid:3887868:python] VmFlags: rd wr mr mw me ac sd [QD_smaps_pid:3887868:python] 147061ccc000-147061cce000 r--p 00000000 00:48 24336703 /etc/ecmwf/nfs/dh2_10_perm_b/ecme4047/conda/envs/xesmf_env/lib/python3.14/lib-dynload/resource.cpython-314-x86_64-linux-gnu.so
EC_MEMKILL[3997488]: [QD_smaps_pid:3887868:python] VmFlags: rd mr mw me sd [QD_smaps_pid:3887868:python] 147061cce000-147061ccf000 r-xp 00002000 00:48 24336703 /etc/ecmwf/nfs/dh2_10_perm_b/ecme4047/conda/envs/xesmf_env/lib/python3.14/lib-dynload/resource.cpython-314-x86_64-linux-gnu.so
EC_MEMKILL[3997488]: [QD_smaps_pid:3887868:python] VmFlags: rd ex mr mw me sd [QD_smaps_pid:3887868:python] 147061ccf000-147061cd0000 r--p 00003000 00:48 24336703 /etc/ecmwf/nfs/dh2_10_perm_b/ecme4047/conda/envs/xesmf_env/lib/python3.14/lib-dynload/resource.cpython-314-x86_64-linux-gnu.so
EC_MEMKILL[3997488]: [QD_smaps_pid:3887868:python] VmFlags: rd mr mw me sd [QD_smaps_pid:3887868:python] 147
EC_MEMKILL[3997488]: [/usr/local/sbin/watch_cgroup:l909:INFO-lsof:3887868:python /] COMMAND     PID     USER   FD   TYPE      DEVICE  SIZE/OFF                NODE NAME
EC_MEMKILL[3997488]: [/usr/local/sbin/watch_cgroup:l909:INFO-lsof:3887868:python /] python  3887868 ecme4047  cwd    DIR        0,59      4096 9264470853790983520 /etc/ecmwf/nfs/dh1_home_b/ecme4047/ALBATROSS_code/slurm (10.120.9.5:/home_b)
EC_MEMKILL[3997488]: [/usr/local/sbin/watch_cgroup:l909:INFO-lsof:3887868:python /] python  3887868 ecme4047  rtd    DIR       253,2      4096                   2 /
EC_MEMKILL[3997488]: [/usr/local/sbin/watch_cgroup:l909:INFO-lsof:3887868:python /] python  3887868 ecme4047  txt    REG        0,72  35989864            24396213 /etc/ecmwf/nfs/dh2_10_perm_b/ecme4047/conda/envs/xesmf_env/bin/python3.14 (10.120.6.18:/mnt/bodh2lnxnas-10_pool/perm_b)
EC_MEMKILL[3997488]: [/usr/local/sbin/watch_cgroup:l909:INFO-lsof:3887868:python /] python  3887868 ecme4047  mem    REG        0,72                      24391246 /etc/ecmwf/nfs/dh2_10_perm_b/ecme4047/conda/envs/xesmf_env/lib/libblosc.so.1.21.6 (10.120.6.18:/mnt/bodh2lnxnas-10_pool/perm_b) (stat: Permission denied)
EC_MEMKILL[3997488]: [/usr/local/sbin/watch_cgroup:l909:INFO-lsof:3887868:python /] python  3887868 ecme4047  mem    REG        0,72                      24376920 /etc/ecmwf/nfs/dh2_10_perm_b/ecme4047/conda/envs/xesmf_env/lib/hdf5/plugin/lib__nch5blosc.so (10.120.6.18:/mnt/bodh2lnxnas-10_pool/perm_b) (stat: Permission denied)
EC_MEMKILL[3997488]: [/usr/local/sbin/watch_cgroup:l909:INFO-lsof:3887868:python /] python  3887868 ecme4047  mem    REG        0,72                      24379917 /etc/ecmwf/nfs/dh2_10_perm_b/ecme4047/conda/envs/xesmf_env/lib/hdf5/plugin/lib__nch5bzip2.so (10.120.6.18:/mnt/bodh2lnxnas-10_pool/perm_b) (stat: Permission denied)
EC_MEMKILL[3997488]: [/usr/local/sbin/watch_cgroup:l909:INFO-lsof:3887868:python /] python  3887868 ecme4047  mem    REG        0,72                      24380039 /etc/ecmwf/nfs/dh2_10_perm_b/ecme4047/conda/envs/xesmf_env/lib/hdf5/plugin/lib__nch5zstd.so (10.120.6.18:/mnt/bodh2lnxnas-10_pool/perm_b) (stat: Permission denied)
EC_MEMKILL[3997488]: [/usr/local/sbin/watch_cgroup:l909:INFO-lsof:3887868:python /] python  3887868 ecme4047  mem    REG        0,72                      24372321 /etc/ecmwf/nfs/dh2_10_perm_b/ecme4047/conda/envs/xesmf_env/lib/python3.14/site-packages/netCDF4/_netCDF4.abi3.so (10.120.6.18:/mnt/bodh2lnxnas-10_pool/perm_b) (stat: Permission denied)
EC_MEMKILL[3997488]: [/usr/local/sbin/watch_cgroup:l909:INFO-lsof:3887868:python /] python  3887868 ecme4047  mem    REG        0,72                      24340138 /etc/ecmwf/nfs/dh2_10_perm_b/ecme4047/conda/envs/xesmf_env/lib/python3.14/site-packages/scipy/ndimage/_ni_label.cpython-314-x86_64-linux-gnu.so (10.120.6.18:/mnt/bodh2lnxnas-10_pool/perm_b) (stat: Permission denied)
EC_MEMKILL[3997488]: [/usr/local/sbin/watch_cgroup:l909:INFO-lsof:3887868:python /] python  3887868 ecme4047  mem    REG        0,72                      24341723 /etc/ecmwf/nfs/dh2_10_perm_b/ecme4047/conda/envs/xesmf_env/lib/python3.14/site-packages/scipy/ndimage/_rank_filter_1d.cpython-314-x86_64-linux-gnu.so (10.120.6.18:/mnt/bodh2lnxnas-10_pool/perm_b) (stat: Permission denied)
EC_MEMKILL[3997488]: [/usr/local/sbin/watch_cgroup:l909:INFO-lsof:3887868:python /] python  3887868 ecme4047  mem    REG        0,72                      24341022 /etc/ecmwf/nfs/dh2_10_perm_b/ecme4047/conda/envs/xesmf_env/lib/python3.14/site-packages/scipy/ndimage/_nd_image.cpython-314-x86_64-linux-gnu.so (10.120.6.18:/mnt/bodh2lnxnas-10_pool/perm_b) (stat: Permission denied)
EC_MEMKILL[3997488]: [/usr/local/sbin/watch_cgroup:l909:INFO-lsof:3887868:python /] python  3887868 ecme4047  mem    REG        0,72                      24343433 /etc/ecmwf/nfs/dh2_10_perm_b/ecme4047/conda/envs/xesmf_env/lib/python3.14/site-packages/scipy/stats/_qmvnt_cy.cpython-314-x86_64-linux-gnu.so (10.120.6.18:/mnt/bodh2lnxnas-10_pool/perm_b) (stat: Permission denied)
EC_MEMKILL[3997488]: [/usr/local/sbin/watch_cgroup:l909:INFO-lsof:3887868:python /] python  3887868 ecme4047  mem    REG        0,72                      24340590 /etc/ecmwf/nfs/dh2_10_perm_b/ecme4047/conda/envs/xesmf_env/lib/python3.14/site-packages/scipy/stats/_rcont/rcont.cpython-314-x86_64-linux-gnu.so (10.120.6.18:/mnt/bodh2lnxnas-10_pool/perm_b) (stat: Permission denied)
EC_MEMKILL[3997488]: [/usr/local/sbin/watch_cgroup:l909:INFO-lsof:3887868:python /] python  3887868 ecme4047  mem    REG        0,72                      24337519 /etc/ecmwf/nfs/dh2_10_perm_b/ecme4047/conda/envs/xesmf_env/lib/python3.14/site-packages/scipy/stats/_qmc_cy.cpython-314-x86_64-linux-gnu.so (10.120.6.18:/mnt/bodh2lnxnas-10_pool/perm_b) (stat: Permission denied)
EC_MEMKILL[3997488]: [/usr/local/sbin/watch_cgroup:l909:INFO-lsof:3887868:python /] python  3887868 ecme4047  mem    REG        0,72                      24343835 /etc/ecmwf/nfs/dh2_10_perm_b/ecme4047/conda/envs/xesmf_env/lib/python3.14/site-packages/scipy/stats/_sobol.cpython-314-x86_64-linux-gnu.so (10.120.6.18:/mnt/bodh2lnxnas-10_pool/perm_b) (stat: Permission denied)
EC_MEMKILL[3997488]: [/usr/local/sbin/watch_cgroup:l909:INFO-lsof:3887868:python /] python  3887868 ecme4047  mem    REG        0,72                      24341406 /etc/ecmwf/nfs/dh2_10_perm_b/ecme4047/conda/envs/xesmf_env/lib/python3.14/site-packages/scipy/sparse/csgraph/_reordering.cpython-314-x86_64-linux-gnu.so (10.120.6.18:/mnt/bodh2lnxnas-10_pool/perm_b) (stat: Permission denied)
EC_MEMKILL[3997488]: [/usr/local/sbin/watch_cgroup:l909:INFO-lsof:3887868:python /] python  3887868 ecme4047  mem    REG        0,72                      24339994 /etc/ecmwf/nfs/dh2_10_perm_b/ecme4047/conda/envs/xesmf_env/lib/python3.14/site-packages/scipy/sparse/csgraph/_matching.cpython-314-x86_64-linux-gnu.so (10.120.6.18:/mnt/bodh2lnxnas-10_pool/perm_b) (stat: Permission denied)
EC_MEMKILL[3997488]: [/usr/local/sbin/watch_cgroup:l909:INFO-lsof:3887868:python /] python  3887868 ecme4047  mem    REG        0,72                      24339537 /etc/ecmwf/nfs/dh2_10_perm_b/ecme4047/conda/envs/xesmf_env/lib/python3.14/site-packages/scipy/sparse/csgraph/_flow.cpython-314-x86_64-linux-gnu.so (10.120.6.18:/mnt/bodh2lnxnas-10_pool/perm_b) (stat: Permission denied)
EC_MEMKILL[3997488]: [/usr/local/sbin/watch_cgroup:l909:INFO-lsof:3887868:python /] python  3887868 ecme4047  mem    REG        0,72                      24331376 /etc/ecmwf/nfs/dh2_10_perm_b/ecme4047/conda/envs/xesmf_env/lib/python3.14/site-packages/scipy/sparse/csgraph/_min_spanning_tree.cpython-314-x86_64-linux-gnu.so (10.120.6.18:/mnt/bodh2lnxnas-10_pool/perm_b) (stat: Permission denied)
EC_MEMKILL[3997488]: [/usr/local/sbin/watch_cgroup:l909:INFO-lsof:3887868:python /] python  3887868 ecme4047  mem    REG        0,72                      24342680 /etc/ecmwf/nfs/dh2_10_perm_b/ecme4047/conda/envs/xesmf_env/lib/python3.14/site-packages/scipy/sparse/csgraph/_traversal.cpython-314-x86_64-linux-gnu.so (10.120.6.18:/mnt/bodh2lnxnas-10_pool/perm_b) (stat: Permission denied)
EC_MEMKILL[3997488]: [/usr/local/sbin/watch_cgroup:l909:INFO-lsof:3887868:python /] python  3887868 ecme4047  mem    REG        0,72                      24339947 /etc/ecmwf/nfs/dh2_10_perm_b/ecme4047/conda/envs/xesmf_env/lib/python3.14/site-packages/scipy/sparse/csgraph/_tools.cpython-314-x86_64-linux-gnu.so (10.120.6.18:/mnt/bodh2lnxnas-10_pool/perm_b) (stat: Permission denied)
EC_MEMKILL[3997488]: [/usr/local/sbin/watch_cgroup:l909:INFO-lsof:3887868:python /] python  3887868 ecme4047  mem    REG        0,72                      24341974 /etc/ecmwf/nfs/dh2_10_perm_b/ecme4047/conda/envs/xesmf_env/lib/python3.14/site-packages/scipy/sparse/csgraph/_shortest_path.cpython-314-x86_64-linux-gnu.so (10.120.6.18:/mnt/bodh2lnxnas-10_pool/perm_b) (stat: Permission denied)
EC_MEMKILL[3997488]: [/usr/local/sbin/watch_cgroup:l909:INFO-lsof:3887868:python /] python  3887868 ecme4047  mem    REG        0,72                      24341655 /etc/ecmwf/nfs/dh2_10_perm_b/ecme4047/conda/envs/xesmf_env/lib/python3.14/site-packages/scipy/stats/_ansari_swilk_statistics.cpython-314-x86_64-linux-gnu.so (10.120.6.18:/mnt/bodh2lnxnas-10_pool/perm_b) (stat: Permission denied)
EC_MEMKILL[3997488]: [/usr/local/sbin/watch_cgroup:l909:INFO-lsof:3887868:python /] python  3887868 ecme4047  mem    REG        0,72                      24338283 /etc/ecmwf/nfs/dh2_10_perm_b/ecme4047/conda/envs/xesmf_env/lib/python3.14/site-packages/scipy/stats/_stats_pythran.cpython-314-x86_64-linux-gnu.so (10.120.6.18:/mnt/bodh2lnxnas-10_pool/perm_b) (stat: Permission denied)
EC_MEMKILL[3997488]: [/usr/local/sbin/watch_cgroup:l909:INFO-lsof:3887868:python /] python  3887868 ecme4047  mem    REG        0,72                      24342942 /etc/ecmwf/nfs/dh2_10_perm_b/ecme4047/conda/envs/xesmf_env/lib/python3.14/site-packages/scipy/stats/_levy_stable/levyst.cpython-314-x86_64-linux-gnu.so (10.120.6.18:/mnt/bodh2lnxnas-10_pool/perm_b) (stat: Permission denied)
EC_MEMKILL[3997488]: [/usr/local/sbin/watch_cgroup:l909:INFO-lsof:3887868:python /] python  3887868 ecme4047  mem    REG        0,72                      24338993 /etc/ecmwf/nfs/dh2_10_perm_b/ecme4047/conda/envs/xesmf_env/lib/python3.14/site-packages/scipy/stats/_biasedurn.cpython-314-x86_64-linux-gnu.so (10.120.6.18:/mnt/bodh2lnxnas-10_pool/perm_b) (stat: Permission denied)
EC_MEMKILL[3997488]: [/usr/local/sbin/watch_cgroup:l909:INFO-lsof:3887868:python /] python  3887868 ecme4047  mem    REG        0,72                      24341176 /etc/ecmwf/nfs/dh2_10_perm_b/ecme4047/conda/envs/xesmf_env/lib/python3.14/site-packages/scipy/special/cython_special.cpython-314-x86_64-linux-gnu.so (10.120.6.18:/mnt/bodh2lnxnas-10_pool/perm_b) (stat: Permission denied)
EC_MEMKILL[3997488]: [/usr/local/sbin/watch_cgroup:l909:INFO-lsof:3887868:python /] python  3887868 ecme4047  mem    REG        0,72                      24338739 /etc/ecmwf/nfs/dh2_10_perm_b/ecme4047/conda/envs/xesmf_env/lib/python3.14/site-packages/scipy/stats/_stats.cpython-314-x86_64-linux-gnu.so (10.120.6.18:/mnt/bodh2lnxnas-10_pool/perm_b) (stat: Permission denied)
EC_MEMKILL[3997488]: [/usr/local/sbin/watch_cgroup:l909:INFO-lsof:3887868:python /] python  3887868 ecme4047  mem    REG        0,72                      24342825 /etc/ecmwf/nfs/dh2_10_perm_b/ecme4047/conda/envs/xesmf_env/lib/python3.14/site-packages/scipy/interpolate/_rgi_cython.cpython-314-x86_64-linux-gnu.so (10.120.6.18:/mnt/bodh2lnxnas-10_pool/perm_b) (stat: Permission denied)
EC_MEMKILL[3997488]: [/usr/local/sbin/watch_cgroup:l909:INFO-lsof:3887868:python /] python  3887868 ecme4047  mem    REG        0,72                      24343345 /etc/ecmwf/nfs/dh2_10_perm_b/ecme4047/conda/envs/xesmf_env/lib/python3.14/site-package
EC_MEMKILL[3997488]: [/usr/local/sbin/watch_cgroup:l916:INFO-gstack:3887868:python /] Thread 3 (LWP 3888340):
EC_MEMKILL[3997488]: [/usr/local/sbin/watch_cgroup:l916:INFO-gstack:3887868:python /] #0  0x00001470a0d43371 in ?? ()
EC_MEMKILL[3997488]: [/usr/local/sbin/watch_cgroup:l916:INFO-gstack:3887868:python /] #1  0x0000000000000000 in ?? ()
EC_MEMKILL[3997488]: [/usr/local/sbin/watch_cgroup:l916:INFO-gstack:3887868:python /] Thread 2 (LWP 3887940):
EC_MEMKILL[3997488]: [/usr/local/sbin/watch_cgroup:l916:INFO-gstack:3887868:python /] #0  0x00001470a0d43371 in ?? ()
EC_MEMKILL[3997488]: [/usr/local/sbin/watch_cgroup:l916:INFO-gstack:3887868:python /] #1  0x0000000000000000 in ?? ()
EC_MEMKILL[3997488]: [/usr/local/sbin/watch_cgroup:l916:INFO-gstack:3887868:python /] Thread 1 (LWP 3887868):
EC_MEMKILL[3997488]: [/usr/local/sbin/watch_cgroup:l916:INFO-gstack:3887868:python /] #0  0x00001470a0d47077 in ?? ()
EC_MEMKILL[3997488]: [/usr/local/sbin/watch_cgroup:l916:INFO-gstack:3887868:python /] #1  0x0000000000000fb9 in ?? ()
EC_MEMKILL[3997488]: [/usr/local/sbin/watch_cgroup:l916:INFO-gstack:3887868:python /] #2  0x000014705ba01974 in ?? ()
EC_MEMKILL[3997488]: [/usr/local/sbin/watch_cgroup:l916:INFO-gstack:3887868:python /] #3  0x00000000000000fc in ?? ()
EC_MEMKILL[3997488]: [/usr/local/sbin/watch_cgroup:l916:INFO-gstack:3887868:python /] #4  0x000000000000919d in ?? ()
EC_MEMKILL[3997488]: [/usr/local/sbin/watch_cgroup:l916:INFO-gstack:3887868:python /] #5  0x00001470592dfc90 in ?? ()
EC_MEMKILL[3997488]: [/usr/local/sbin/watch_cgroup:l916:INFO-gstack:3887868:python /] #6  0x0000563fc8e5e640 in ?? ()
EC_MEMKILL[3997488]: [/usr/local/sbin/watch_cgroup:l916:INFO-gstack:3887868:python /] #7  0x00000000003f9baf in ?? ()
EC_MEMKILL[3997488]: [/usr/local/sbin/watch_cgroup:l916:INFO-gstack:3887868:python /] #8  0x000014706b7e3169 in ?? ()
EC_MEMKILL[3997488]: [/usr/local/sbin/watch_cgroup:l916:INFO-gstack:3887868:python /] #9  0x0000000000008000 in ?? ()
EC_MEMKILL[3997488]: [/usr/local/sbin/watch_cgroup:l916:INFO-gstack:3887868:python /] #10 0x000014706b76cc4a in ?? ()
EC_MEMKILL[3997488]: [/usr/local/sbin/watch_cgroup:l916:INFO-gstack:3887868:python /] #11 0x000014706bbcf29a in ?? ()
EC_MEMKILL[3997488]: [/usr/local/sbin/watch_cgroup:l916:INFO-gstack:3887868:python /] #12 0x8f0e9ac19b443000 in ?? ()
EC_MEMKILL[3997488]: [/usr/local/sbin/watch_cgroup:l916:INFO-gstack:3887868:python /] #13 0x0000000000000003 in ?? ()
EC_MEMKILL[3997488]: [/usr/local/sbin/watch_cgroup:l916:INFO-gstack:3887868:python /] #14 0x0000563fc8e5e640 in ?? ()
EC_MEMKILL[3997488]: [/usr/local/sbin/watch_cgroup:l916:INFO-gstack:3887868:python /] #15 0x00000000003f9baf in ?? ()
EC_MEMKILL[3997488]: [/usr/local/sbin/watch_cgroup:l916:INFO-gstack:3887868:python /] #16 0x0000000000000003 in ?? ()
EC_MEMKILL[3997488]: [/usr/local/sbin/watch_cgroup:l916:INFO-gstack:3887868:python /] #17 0x000000000000919d in ?? ()
EC_MEMKILL[3997488]: [/usr/local/sbin/watch_cgroup:l916:INFO-gstack:3887868:python /] #18 0x00007ffe0fb78120 in ?? ()
EC_MEMKILL[3997488]: [/usr/local/sbin/watch_cgroup:l916:INFO-gstack:3887868:python /] #19 0x00001470592dfc90 in ?? ()
EC_MEMKILL[3997488]: [/usr/local/sbin/watch_cgroup:l916:INFO-gstack:3887868:python /] #20 0x000014706b7bc963 in ?? ()
EC_MEMKILL[3997488]: [/usr/local/sbin/watch_cgroup:l916:INFO-gstack:3887868:python /] #21 0x0b000000000024b6 in ?? ()
EC_MEMKILL[3997488]: [/usr/local/sbin/watch_cgroup:l916:INFO-gstack:3887868:python /] #22 0x00000000004cd719 in ?? ()
EC_MEMKILL[3997488]: [/usr/local/sbin/watch_cgroup:l916:INFO-gstack:3887868:python /] #23 0x0000007b00000002 in ?? ()
EC_MEMKILL[3997488]: [/usr/local/sbin/watch_cgroup:l916:INFO-gstack:3887868:python /] #24 0x0000000000000000 in ?? ()
EC_MEMKILL[3997488]: [/usr/local/sbin/watch_cgroup:l923:INFO-shm] 
EC_MEMKILL[3997488]: [/usr/local/sbin/watch_cgroup:l923:INFO-shm] ------ Shared Memory Segments --------
EC_MEMKILL[3997488]: [/usr/local/sbin/watch_cgroup:l923:INFO-shm] key        shmid      owner      perms      bytes      nattch     status      
EC_MEMKILL[3997488]: [/usr/local/sbin/watch_cgroup:l923:INFO-shm] 
EC_MEMKILL[3997488]: [/usr/local/sbin/watch_cgroup:l923:INFO-shm]               total        used        free      shared  buff/cache   available
EC_MEMKILL[3997488]: [/usr/local/sbin/watch_cgroup:l923:INFO-shm] Mem:         515249       61711      111594        1029      341943      447035
EC_MEMKILL[3997488]: [/usr/local/sbin/watch_cgroup:l923:INFO-shm] Swap:             0           0           0
EC_MEMKILL[3997488]: 
EC_MEMKILL[3997488]: Contributions to job-cgroup-shmem footprint from tmpfs use (namespace of PID 3887868):
EC_MEMKILL[3997488]: space use:
EC_MEMKILL[3997488]: 0M	/dev/shm
EC_MEMKILL[3997488]: 0M	/var/tmp
EC_MEMKILL[3997488]: 0M	/tmp
EC_MEMKILL[3997488]: 0M	total
EC_MEMKILL[3997488]: 
EC_MEMKILL[3997488]: inodes:
EC_MEMKILL[3997488]: 1	/dev/shm
EC_MEMKILL[3997488]: 1	/var/tmp
EC_MEMKILL[3997488]: 1	/tmp
EC_MEMKILL[3997488]: 3	total
EC_MEMKILL[3997488]: 
EC_MEMKILL[3997488]: 
EC_MEMKILL[3997488]: 
EC_MEMKILL[3997488]: [cgroup memory stats]
EC_MEMKILL[3997488]: process_cgroup.cgroup: /sys/fs/cgroup/memory/slurm/uid_31072/job_38272009
EC_MEMKILL[3997488]: process_cgroup.memory.kmem.max_usage_in_bytes: 35622912
EC_MEMKILL[3997488]: process_cgroup.memory.kmem.usage_in_bytes: 35622912
EC_MEMKILL[3997488]: process_cgroup.memory.limit_in_bytes: 85899345920
EC_MEMKILL[3997488]: process_cgroup.memory.max_usage_in_bytes: 10314579968
EC_MEMKILL[3997488]: process_cgroup.memory.soft_limit_in_bytes: 8589934592
EC_MEMKILL[3997488]: process_cgroup.memory.stat.total_active_anon: 24576
EC_MEMKILL[3997488]: process_cgroup.memory.stat.total_active_file: 1160331264
EC_MEMKILL[3997488]: process_cgroup.memory.stat.total_cache: 1674584064
EC_MEMKILL[3997488]: process_cgroup.memory.stat.total_dirty: 0
EC_MEMKILL[3997488]: process_cgroup.memory.stat.total_inactive_anon: 8604004352
EC_MEMKILL[3997488]: process_cgroup.memory.stat.total_inactive_file: 514232320
EC_MEMKILL[3997488]: process_cgroup.memory.stat.total_mapped_file: 114282496
EC_MEMKILL[3997488]: process_cgroup.memory.stat.total_pgfault: 2176680
EC_MEMKILL[3997488]: process_cgroup.memory.stat.total_pgmajfault: 1188
EC_MEMKILL[3997488]: process_cgroup.memory.stat.total_pgpgin: 2620929
EC_MEMKILL[3997488]: process_cgroup.memory.stat.total_pgpgout: 111502
EC_MEMKILL[3997488]: process_cgroup.memory.stat.total_rss: 8604028928
EC_MEMKILL[3997488]: process_cgroup.memory.stat.total_rss_huge: 0
EC_MEMKILL[3997488]: process_cgroup.memory.stat.total_shmem: 0
EC_MEMKILL[3997488]: process_cgroup.memory.usage_in_bytes: 10314579968
EC_MEMKILL[3997488]: process_cgroup.uid: 31072
EC_MEMKILL[3997488]: 
EC_MEMKILL[3997488]: 
EC_MEMKILL[3997488]:                END OF ECMWF MEMKILL REPORT
EC_MEMKILL[3997488]:           __  __ _____ __  __ _  _____ _     _         
EC_MEMKILL[3997488]:     __/\_|  \/  | ____|  \/  | |/ /_ _| |   | |  __/\__
EC_MEMKILL[3997488]:     \    / |\/| |  _| | |\/| | ' / | || |   | |  \    /
EC_MEMKILL[3997488]:     /_  _\ |  | | |___| |  | | . \ | || |___| |__/_  _\
EC_MEMKILL[3997488]:       \/ |_|  |_|_____|_|  |_|_|\_\___|_____|_____|\/  
